Price,Discount,Customer_Segment,Marketing_Spend,Units_Sold,Month,year,Day,Revenue,ROI,Product_Category_Electronics,Product_Category_Fashion,Product_Category_Home Decor,Product_Category_Sports,Product_Category_Toys
932.8,35.82,0,6780.38,32,1,2023,1,29850.0,3.402408124618384,0,0,0,1,0
569.48,3.6,2,6807.56,16,1,2023,2,9112.0,0.3385118897226024,0,0,0,0,1
699.68,3.56,2,3793.91,27,1,2023,3,18891.0,3.97929576610937,0,0,1,0,0
923.27,0.61,2,9422.75,29,1,2023,4,26775.0,1.8415271550237455,0,0,0,0,1
710.17,47.83,2,1756.83,17,1,2023,5,12073.0,5.872036565860101,0,0,0,0,1
161.01,36.88,2,5053.56,27,1,2023,6,4347.0,-0.1398143091206991,0,1,0,0,0
580.53,17.66,0,6939.75,30,1,2023,7,17416.0,1.5096004899311934,0,0,1,0,0
610.65,14.83,1,7001.64,27,1,2023,8,16488.0,1.3548768574219754,0,0,1,0,0
429.89,17.49,0,6521.53,32,1,2023,9,13756.0,1.1093209722258428,0,0,1,0,0
739.08,38.73,1,2825.35,28,1,2023,10,20694.0,6.324402286442388,0,0,0,0,1
935.02,33.07,2,1646.45,26,1,2023,11,24311.0,13.765708038507093,0,0,0,1,0
926.31,9.26,1,6395.81,26,1,2023,12,24084.0,2.765590284889638,0,0,1,0,0
456.33,8.71,0,6033.09,37,1,2023,13,16884.0,1.7985659090117998,0,0,0,0,1
122.11,4.92,0,1875.62,28,1,2023,14,3419.0,0.822863906334972,0,1,0,0,0
984.99,33.02,1,7080.88,27,1,2023,15,26595.0,2.755889098530126,0,0,0,1,0
840.51,38.22,2,4606.2,32,1,2023,16,26896.0,4.839086448699579,0,1,0,0,0
133.42,13.25,2,6710.83,20,1,2023,17,2668.0,-0.6024336780994303,0,0,0,1,0
921.63,1.05,0,8389.93,35,1,2023,18,32257.0,2.8447281443349346,0,0,0,0,1
871.2,4.11,1,1780.31,23,1,2023,19,20038.0,10.255343170571416,1,0,0,0,0
523.65,48.39,2,289.53,17,1,2023,20,8902.0,29.74638206748869,0,0,0,1,0
595.36,14.77,2,7813.12,23,1,2023,21,13693.0,0.7525649164482306,0,1,0,0,0
405.01,38.46,0,6136.0,24,1,2023,22,9720.0,0.5840938722294654,0,0,0,0,1
64.21,31.23,2,7026.43,35,1,2023,23,2247.0,-0.680207445317181,0,0,0,1,0
341.85,19.1,1,8397.73,32,1,2023,24,10939.0,0.3026139206666564,1,0,0,0,0
804.82,10.28,0,8047.83,34,1,2023,25,27364.0,2.400171226280873,1,0,0,0,0
14.59,6.07,0,9613.11,29,1,2023,26,423.0,-0.9559975907900772,0,0,1,0,0
340.16,30.75,1,5405.76,25,1,2023,27,8504.0,0.5731368022257739,0,0,1,0,0
404.19,38.73,0,4936.11,29,1,2023,28,11722.0,1.3747444850297097,0,1,0,0,0
542.02,32.2,2,4078.68,29,1,2023,29,15719.0,2.853942942324477,0,0,0,1,0
920.66,26.52,2,1621.54,25,1,2023,30,23016.0,13.19391442702616,0,0,0,1,0
352.88,2.1,1,5768.81,37,1,2023,31,13057.0,1.263378409065301,0,0,1,0,0
353.48,48.42,2,2842.42,19,2,2023,1,6716.0,1.362775381541081,0,0,0,1,0
740.13,39.94,1,9220.94,26,2,2023,2,19243.0,1.0868805132665431,0,0,0,1,0
457.7,14.64,1,5873.59,30,2,2023,3,13731.0,1.3377525499736955,1,0,0,0,0
232.36,49.0,2,5969.12,34,2,2023,4,7900.0,0.3234781676361005,0,0,1,0,0
457.92,30.09,1,3613.75,32,2,2023,5,14653.0,3.0547907298512627,0,0,0,0,1
149.45,29.12,2,614.69,30,2,2023,6,4484.0,6.29473393092453,0,0,1,0,0
184.62,37.4,0,414.26,35,2,2023,7,6462.0,14.598899242021918,0,0,0,0,1
503.38,40.59,0,4291.02,26,2,2023,8,13088.0,2.050090654436474,1,0,0,0,0
424.74,32.82,1,937.2,34,2,2023,9,14441.0,14.408664105847205,0,1,0,0,0
915.7,6.4,2,6107.78,38,2,2023,10,34797.0,4.697160015586678,0,0,0,1,0
368.77,16.91,2,8821.63,43,2,2023,11,15857.0,0.7975136114300874,1,0,0,0,0
584.78,46.4,0,8840.86,24,2,2023,12,14035.0,0.5875152417298769,0,0,0,1,0
635.94,11.23,0,6624.55,31,2,2023,13,19714.0,1.9759002498282905,0,1,0,0,0
22.96,18.61,2,2191.2,18,2,2023,14,413.0,-0.8115188024826578,0,1,0,0,0
666.9,21.6,1,8643.67,34,2,2023,15,22675.0,1.6233069980691073,1,0,0,0,0
186.26,21.97,0,8872.33,16,2,2023,16,2980.0,-0.6641243055657308,0,1,0,0,0
961.46,30.65,1,2046.87,36,2,2023,17,34613.0,15.910209246312665,0,0,0,0,1
157.18,47.15,1,7400.52,33,2,2023,18,5187.0,-0.2991033062541551,0,1,0,0,0
420.48,12.03,0,2936.54,41,2,2023,19,17240.0,4.870854815531203,0,0,0,1,0
94.5,6.08,1,8046.14,31,2,2023,20,2930.0,-0.6358502337766929,0,0,0,1,0
996.91,9.87,1,9972.66,25,2,2023,21,24923.0,1.4991326286066105,0,0,0,1,0
507.17,44.35,2,397.26,36,2,2023,22,18258.0,44.95982479987918,0,0,0,1,0
599.43,32.29,1,8983.92,49,2,2023,23,29372.0,2.269396877977542,0,0,0,0,1
76.41,14.3,2,6264.04,23,2,2023,24,1757.0,-0.7195100925281448,0,0,1,0,0
752.46,40.8,0,9736.49,32,2,2023,25,24079.0,1.4730678098575565,1,0,0,0,0
217.81,43.07,0,4703.59,23,2,2023,26,5010.0,0.0651438582019265,0,0,0,1,0
899.07,42.33,2,8489.14,28,2,2023,27,25174.0,1.9654358392016156,0,1,0,0,0
213.09,45.95,0,717.7,34,2,2023,28,7245.0,9.09474710881984,0,0,0,1,0
198.78,12.61,1,3419.26,24,3,2023,1,4771.0,0.3953311535244467,0,1,0,0,0
46.18,37.75,1,763.46,13,3,2023,2,600.0,-0.2141042097817829,0,1,0,0,0
477.35,23.03,1,9755.9,22,3,2023,3,10502.0,0.0764767986551728,0,0,0,1,0
569.19,42.1,0,8188.04,41,3,2023,4,23337.0,1.8501326324737053,0,0,0,0,1
75.05,36.42,1,8540.22,18,3,2023,5,1351.0,-0.8418073539089157,0,1,0,0,0
777.77,38.82,0,9385.86,24,3,2023,6,18666.0,0.9887362479303972,0,1,0,0,0
458.76,32.81,1,942.52,27,3,2023,7,12387.0,12.14242668590587,0,0,0,1,0
529.15,8.87,2,3917.42,27,3,2023,8,14287.0,2.647043207008694,0,1,0,0,0
446.36,27.25,0,803.25,39,3,2023,9,17408.0,20.67195767195767,0,1,0,0,0
406.76,49.23,0,2186.85,37,3,2023,10,15050.0,5.882044950499577,0,0,0,1,0
564.04,46.87,1,2370.72,33,3,2023,11,18613.0,6.851201322804887,0,0,0,1,0
163.69,2.16,0,4744.16,24,3,2023,12,3929.0,-0.1718238845232875,1,0,0,0,0
190.11,8.24,0,2758.77,34,3,2023,13,6464.0,1.3430731811640697,0,0,0,0,1
863.17,6.59,2,1099.68,34,3,2023,14,29348.0,25.68776371308017,0,0,0,0,1
946.65,36.3,2,1758.16,31,3,2023,15,29346.0,15.69131364608454,0,1,0,0,0
379.58,40.89,1,1558.03,35,3,2023,16,13285.0,7.526793450703773,0,0,0,0,1
278.04,10.68,2,9733.46,33,3,2023,17,9175.0,-0.0573752807326479,0,1,0,0,0
647.56,25.29,1,7617.0,24,3,2023,18,15541.0,1.040304581856374,1,0,0,0,0
414.65,42.04,1,9680.84,23,3,2023,19,9537.0,-0.0148582147830147,0,0,0,1,0
35.13,36.64,1,4453.43,40,3,2023,20,1405.0,-0.6845128361734664,0,0,0,1,0
164.59,27.11,0,2855.85,15,3,2023,21,2469.0,-0.1354587951047849,0,0,0,1,0
718.81,29.52,2,8003.1,31,3,2023,22,22283.0,1.784296085266959,0,0,0,0,1
662.33,25.42,1,3329.91,32,3,2023,23,21195.0,5.365036892888997,1,0,0,0,0
36.83,14.88,2,3063.9,39,3,2023,24,1436.0,-0.5313162962237671,0,0,0,0,1
229.75,28.25,1,2401.81,27,3,2023,25,6203.0,1.5826355956549436,0,0,0,0,1
238.76,34.44,2,1383.82,34,3,2023,26,8118.0,4.866369903600179,1,0,0,0,0
675.17,43.67,2,2638.98,34,3,2023,27,22956.0,7.698815451424414,1,0,0,0,0
29.51,31.81,1,3617.67,33,3,2023,28,974.0,-0.7307659349802498,1,0,0,0,0
113.07,38.06,0,6772.54,34,3,2023,29,3844.0,-0.4324138358725087,1,0,0,0,0
801.92,8.0,2,719.39,33,3,2023,30,26463.0,35.78533201740363,0,0,0,1,0
186.76,23.08,0,2184.02,25,3,2023,31,4669.0,1.1378009358888654,0,0,1,0,0
656.22,0.47,0,8109.33,31,4,2023,1,20343.0,1.5085919551923526,0,0,1,0,0
245.8,12.33,1,1554.53,22,4,2023,2,5408.0,2.478864994564274,1,0,0,0,0
108.45,36.32,1,3492.19,35,4,2023,3,3796.0,0.0869969847001451,0,0,1,0,0
250.74,49.59,1,8660.12,29,4,2023,4,7271.0,-0.1604042438211018,0,0,1,0,0
725.04,4.96,2,1633.76,34,4,2023,5,24651.0,14.08850749192048,1,0,0,0,0
857.14,20.07,1,919.09,31,4,2023,6,26571.0,27.9101176163379,0,0,1,0,0
831.92,40.0,1,4896.93,27,4,2023,7,22462.0,3.586955500691249,0,0,0,0,1
403.21,10.2,2,3093.95,31,4,2023,8,12500.0,3.0401428594515103,0,1,0,0,0
671.4,27.75,2,5677.74,28,4,2023,9,18799.0,2.3110005037215515,0,1,0,0,0
212.93,36.65,1,8057.67,37,4,2023,10,7878.0,-0.0222980092259921,1,0,0,0,0
300.22,30.8,1,1457.77,32,4,2023,11,9607.0,5.590202844070052,0,0,0,1,0
897.37,9.4,1,5848.92,18,4,2023,12,16153.0,1.7617064346922169,1,0,0,0,0
22.87,17.77,1,5104.54,28,4,2023,13,640.0,-0.874621415445858,0,0,0,1,0
94.65,39.19,0,1526.38,35,4,2023,14,3313.0,1.1704948964215989,0,1,0,0,0
215.81,27.71,0,6277.59,35,4,2023,15,7553.0,0.2031687319496813,1,0,0,0,0
36.27,0.26,1,2809.04,18,4,2023,16,653.0,-0.7675362401389798,0,0,0,0,1
189.62,38.05,0,4929.56,31,4,2023,17,5878.0,0.1923985102118646,0,0,1,0,0
587.21,1.77,2,914.5,24,4,2023,18,14093.0,14.410606889010388,0,0,0,1,0
427.21,37.29,0,4649.88,36,4,2023,19,15380.0,2.3076122394556418,0,0,1,0,0
893.74,10.12,0,3133.99,22,4,2023,20,19662.0,5.273791556450404,0,0,1,0,0
819.27,47.9,1,8241.57,29,4,2023,21,23759.0,1.882824510378484,1,0,0,0,0
348.4,18.4,0,664.09,30,4,2023,22,10452.0,14.738830580192444,0,0,1,0,0
266.83,16.35,0,4244.21,23,4,2023,23,6137.0,0.4459699213752383,0,0,0,0,1
385.9,7.44,0,4638.47,22,4,2023,24,8490.0,0.830344919768803,0,0,1,0,0
594.39,15.28,0,7277.56,39,4,2023,25,23181.0,2.185270887495259,1,0,0,0,0
275.38,43.83,2,5785.45,19,4,2023,26,5232.0,-0.0956623944550553,0,0,0,0,1
627.91,49.82,1,6705.4,28,4,2023,27,17581.0,1.6219166641811078,0,1,0,0,0
415.32,18.42,1,7792.79,40,4,2023,28,16613.0,1.1318423825099866,0,0,1,0,0
556.53,22.43,2,8635.81,24,4,2023,29,13357.0,0.5466991515561367,1,0,0,0,0
441.77,36.1,0,3207.37,24,4,2023,30,10602.0,2.305511992691832,0,1,0,0,0
301.52,44.31,2,5426.42,33,5,2023,1,9950.0,0.8336214299667184,0,1,0,0,0
948.97,29.65,0,8417.07,29,5,2023,2,27520.0,2.269546291049023,0,0,0,1,0
765.97,19.58,2,9895.57,30,5,2023,3,22979.0,1.322150214692029,0,0,0,0,1
148.71,20.63,1,8906.24,37,5,2023,4,5502.0,-0.3822308853118712,0,0,1,0,0
869.78,34.78,1,3777.53,37,5,2023,5,32182.0,7.519323473274865,1,0,0,0,0
492.56,0.16,1,2032.15,22,5,2023,6,10836.0,4.332283542061363,0,0,0,1,0
895.61,30.98,0,4944.99,24,5,2023,7,21495.0,3.3468237549519824,0,0,0,0,1
801.86,17.77,0,7442.25,19,5,2023,8,15235.0,1.047095972320199,0,0,0,1,0
430.96,39.71,2,4976.43,22,5,2023,9,9481.0,0.9051810233440436,0,0,0,0,1
32.24,4.65,2,4883.49,46,5,2023,10,1483.0,-0.6963237356890256,0,0,0,0,1
275.99,29.41,1,8398.48,34,5,2023,11,9384.0,0.1173450433888037,0,0,1,0,0
546.22,24.05,0,3677.9,30,5,2023,12,16387.0,3.455531689279208,0,0,0,0,1
637.14,32.12,2,8611.97,33,5,2023,13,21026.0,1.4414855137674658,0,0,0,1,0
265.31,3.24,0,4127.37,13,5,2023,14,3449.0,-0.1643589016734627,0,0,0,0,1
147.96,29.0,0,3349.51,31,5,2023,15,4587.0,0.3694540395460827,0,0,1,0,0
836.58,28.07,1,4594.5,31,5,2023,16,25934.0,4.644575035368376,0,0,1,0,0
984.56,28.03,1,7648.22,47,5,2023,17,46274.0,5.050296670336365,0,0,0,1,0
530.43,30.17,0,1347.42,22,5,2023,18,11669.0,7.660254412135785,0,1,0,0,0
179.96,33.82,0,2044.55,49,5,2023,19,8818.0,3.312929495488005,0,1,0,0,0
279.58,40.25,0,9519.3,24,5,2023,20,6710.0,-0.2951162375384744,0,0,0,0,1
28.21,13.49,0,1837.37,32,5,2023,21,903.0,-0.5085366583758306,1,0,0,0,0
915.16,41.25,1,5720.5,35,5,2023,22,32031.0,4.599335722401888,0,0,0,0,1
126.57,24.91,2,5835.21,35,5,2023,23,4430.0,-0.2408156690161965,0,0,0,1,0
580.75,3.85,1,4947.28,31,5,2023,24,18003.0,2.638969292217138,0,0,0,1,0
281.31,2.93,2,6482.98,34,5,2023,25,9565.0,0.4754017442595844,0,0,0,1,0
558.64,16.71,0,2375.28,22,5,2023,26,12290.0,4.174126839783098,0,0,0,1,0
654.91,39.24,2,5571.36,38,5,2023,27,24887.0,3.466952413773298,0,0,0,1,0
831.44,35.38,1,3784.52,29,5,2023,28,24112.0,5.371217485969159,0,0,1,0,0
214.36,39.43,1,6650.51,41,5,2023,29,8789.0,0.3215527831700124,0,1,0,0,0
20.89,25.86,0,1498.11,24,5,2023,30,501.0,-0.6655786290726315,0,0,0,1,0
145.52,22.01,1,5751.69,36,5,2023,31,5239.0,-0.0891372796517196,1,0,0,0,0
901.02,7.37,0,1934.18,29,6,2023,1,26130.0,12.509600967852007,1,0,0,0,0
875.15,16.41,1,2858.57,22,6,2023,2,19253.0,5.735185774705534,1,0,0,0,0
601.44,21.7,1,2265.23,25,6,2023,3,15036.0,5.637736565381882,1,0,0,0,0
604.51,4.43,0,1910.09,28,6,2023,4,16926.0,7.861362553596951,0,0,1,0,0
668.39,11.03,2,8274.54,34,6,2023,5,22725.0,1.746376233603318,1,0,0,0,0
183.62,29.91,1,2928.5,17,6,2023,6,3122.0,0.0660747823117637,0,0,0,1,0
915.27,36.78,2,9278.53,21,6,2023,7,19221.0,1.071556593555229,0,0,0,0,1
424.58,49.92,1,9702.27,27,6,2023,8,11464.0,0.1815791562180808,1,0,0,0,0
389.31,46.66,1,5755.48,38,6,2023,9,14794.0,1.570419843349295,0,0,1,0,0
523.73,32.13,1,1515.71,26,6,2023,10,13617.0,7.983908531315357,0,0,1,0,0
56.5,21.06,1,3808.03,23,6,2023,11,1300.0,-0.6586161348518789,1,0,0,0,0
174.62,31.81,2,7997.55,23,6,2023,12,4016.0,-0.4978462154034673,0,0,0,0,1
740.65,39.28,2,3737.17,24,6,2023,13,17776.0,3.75654037680919,1,0,0,0,0
91.97,5.92,1,961.47,28,6,2023,14,2575.0,1.678190687176927,0,0,1,0,0
607.12,20.5,1,5612.17,18,6,2023,15,10928.0,0.9471968953185664,0,1,0,0,0
252.9,41.99,2,8466.7,42,6,2023,16,10622.0,0.2545619899134254,0,0,0,1,0
395.4,19.19,0,7979.67,45,6,2023,17,17793.0,1.2297914575414772,0,0,1,0,0
295.81,28.59,0,1833.72,23,6,2023,18,6804.0,2.710490151168117,1,0,0,0,0
362.12,29.39,2,6760.37,38,6,2023,19,13761.0,1.035539474910397,0,0,0,1,0
721.86,9.22,1,2282.99,22,6,2023,20,15881.0,5.956228454789553,1,0,0,0,0
304.15,18.11,1,2260.25,43,6,2023,21,13078.0,4.786085609998894,1,0,0,0,0
570.74,16.73,0,8753.31,33,6,2023,22,18834.0,1.1516432069697065,0,1,0,0,0
481.29,1.31,0,2571.72,24,6,2023,23,11551.0,3.491546513617346,0,0,0,1,0
667.03,1.21,2,2706.15,25,6,2023,24,16676.0,5.162260037322396,0,0,0,1,0
937.46,41.58,0,106.47,37,6,2023,25,34686.0,324.781910397295,0,1,0,0,0
735.25,13.65,2,8719.62,37,6,2023,26,27204.0,2.119860727875756,0,0,1,0,0
222.79,25.9,0,7946.69,31,6,2023,27,6906.0,-0.1309589275534844,1,0,0,0,0
40.87,14.94,0,6310.56,23,6,2023,28,940.0,-0.8510433305443574,0,0,0,0,1
269.64,47.03,0,7527.63,34,6,2023,29,9168.0,0.2179132077426759,1,0,0,0,0
599.13,12.96,1,1605.28,38,6,2023,30,22767.0,13.182572510714644,1,0,0,0,0
60.91,21.48,1,4637.4,34,7,2023,1,2071.0,-0.553413550696511,0,0,1,0,0
501.4,43.64,1,3577.07,18,7,2023,2,9025.0,1.5230146460650755,1,0,0,0,0
600.87,42.1,0,1028.39,24,7,2023,3,14421.0,13.022890148679002,0,1,0,0,0
340.9,9.31,2,4912.69,29,7,2023,4,9886.0,1.0123394718575771,0,1,0,0,0
773.2,40.13,2,9215.32,38,7,2023,5,29382.0,2.188386295863844,0,0,0,1,0
115.53,22.91,2,496.59,38,7,2023,6,4390.0,7.840290783141022,0,0,0,0,1
84.39,24.15,2,2985.46,24,7,2023,7,2025.0,-0.3217125669076122,1,0,0,0,0
730.91,6.67,1,2154.66,25,7,2023,8,18273.0,7.480688368466487,1,0,0,0,0
500.54,4.03,1,2457.65,34,7,2023,9,17018.0,5.9245010477488655,0,0,1,0,0
691.52,36.4,0,9093.5,31,7,2023,10,21437.0,1.357398141529664,0,1,0,0,0
440.48,24.82,0,4733.88,18,7,2023,11,7929.0,0.6749474004410758,0,0,0,0,1
253.94,21.84,2,4716.36,39,7,2023,12,9904.0,1.0999245180605384,0,0,0,1,0
820.91,36.48,1,7629.7,26,7,2023,13,21344.0,1.7974887610259904,0,1,0,0,0
801.42,38.28,2,1629.47,38,7,2023,14,30454.0,17.689512540887527,0,0,0,1,0
697.75,7.95,0,4923.93,38,7,2023,15,26514.0,4.384723178436736,0,0,1,0,0
279.42,30.51,0,4356.85,26,7,2023,16,7265.0,0.6674891263183261,0,0,1,0,0
594.33,6.77,2,6009.42,20,7,2023,17,11887.0,0.9780611107228318,1,0,0,0,0
367.36,37.57,0,9995.62,38,7,2023,18,13960.0,0.3966117159315779,0,0,0,0,1
100.67,32.85,2,7717.54,33,7,2023,19,3322.0,-0.5695519556749948,0,0,0,1,0
918.14,47.83,1,4038.87,24,7,2023,20,22035.0,4.455733905770674,0,1,0,0,0
145.45,3.45,2,8292.78,31,7,2023,21,4509.0,-0.4562740118512731,0,0,1,0,0
950.73,2.85,1,1790.01,32,7,2023,22,30423.0,15.995994435785276,1,0,0,0,0
451.55,14.11,1,401.59,24,7,2023,23,10837.0,25.98523369605817,1,0,0,0,0
193.28,13.09,0,2124.04,28,7,2023,24,5412.0,1.5479746144140412,0,0,0,1,0
546.48,12.35,0,3470.07,41,7,2023,25,22406.0,5.456930263654623,0,0,1,0,0
874.22,45.31,0,5154.75,43,7,2023,26,37591.0,6.292497211309957,0,0,0,0,1
734.9,12.48,2,6189.78,34,7,2023,27,24987.0,3.0368155249459594,0,0,1,0,0
808.5,13.6,2,9115.0,18,7,2023,28,14553.0,0.5965990126165661,0,0,0,1,0
662.2,37.97,0,5147.55,27,7,2023,29,17879.0,2.473302833386757,0,0,0,1,0
695.35,22.49,2,5062.63,37,7,2023,30,25728.0,4.081943574782277,0,0,1,0,0
850.7,38.84,0,597.41,33,7,2023,31,28073.0,45.99117858756968,0,0,0,1,0
257.17,3.27,2,445.62,41,8,2023,1,10544.0,22.661415555854763,0,0,1,0,0
494.53,24.38,1,5556.48,30,8,2023,2,14836.0,1.670035706058512,0,1,0,0,0
229.0,1.68,1,4437.97,35,8,2023,3,8015.0,0.8060058990935044,0,0,1,0,0
987.79,3.13,0,8407.89,27,8,2023,4,26670.0,2.1720205663965637,0,0,1,0,0
944.62,45.32,2,1690.73,39,8,2023,5,36840.0,20.789404576721296,0,0,0,1,0
49.03,6.96,2,347.22,33,8,2023,6,1618.0,3.659869823166868,0,0,0,1,0
708.52,26.62,1,4545.48,33,8,2023,7,23381.0,4.143791194769309,1,0,0,0,0
926.0,20.55,1,2451.04,29,8,2023,8,26854.0,9.95616554605392,1,0,0,0,0
188.77,17.37,0,591.18,24,8,2023,9,4530.0,6.662640820054807,0,1,0,0,0
572.27,44.99,1,7273.52,29,8,2023,10,16596.0,1.281701294558893,1,0,0,0,0
916.33,1.09,0,1204.77,29,8,2023,11,26574.0,21.05732214447571,0,0,1,0,0
43.61,33.19,1,6122.36,34,8,2023,12,1483.0,-0.7577731463030596,0,0,0,1,0
700.45,48.17,1,2882.39,30,8,2023,13,21014.0,6.290477693858223,1,0,0,0,0
304.38,28.01,2,1817.61,34,8,2023,14,10349.0,4.693740681444314,1,0,0,0,0
925.15,46.84,1,3859.54,38,8,2023,15,35156.0,8.108857532244775,0,1,0,0,0
971.35,2.61,1,8034.31,33,8,2023,16,32055.0,2.989763900073559,0,1,0,0,0
944.82,20.94,0,3981.73,23,8,2023,17,21731.0,4.457677944009262,0,0,1,0,0
479.47,13.01,1,7532.62,29,8,2023,18,13905.0,0.8459712556852729,0,0,0,1,0
863.42,36.54,0,1342.31,34,8,2023,19,29356.0,20.869761828489693,0,1,0,0,0
846.1,49.06,1,7750.44,23,8,2023,20,19460.0,1.5108251918600752,1,0,0,0,0
325.91,12.83,1,2445.64,44,8,2023,21,14340.0,4.863495853846029,0,0,0,1,0
830.63,32.71,0,6806.19,23,8,2023,22,19104.0,1.806856699563192,0,0,0,1,0
46.64,9.9,2,5701.24,38,8,2023,23,1772.0,-0.689190421732816,1,0,0,0,0
600.31,28.27,0,9298.53,37,8,2023,24,22211.0,1.3886571318262133,0,1,0,0,0
237.71,23.2,0,3934.49,17,8,2023,25,4041.0,0.0270708528932594,1,0,0,0,0
129.36,48.6,0,755.04,26,8,2023,26,3363.0,3.4540686586141134,0,0,0,1,0
86.18,30.43,2,289.64,37,8,2023,27,3189.0,10.010219582930535,0,0,0,0,1
699.33,17.48,1,8285.9,21,8,2023,28,14686.0,0.7724085494635465,0,0,0,0,1
346.48,5.7,0,5294.88,29,8,2023,29,10048.0,0.8976822893058954,0,0,1,0,0
727.52,7.56,0,7774.92,26,8,2023,30,18916.0,1.432951078596307,1,0,0,0,0
74.7,11.27,2,2420.81,29,8,2023,31,2166.0,-0.1052581573935996,1,0,0,0,0
322.14,12.55,0,3516.33,33,9,2023,1,10631.0,2.023322611927777,0,0,1,0,0
544.1,42.53,1,398.03,29,9,2023,2,15779.0,38.64274049694747,0,0,1,0,0
792.82,28.06,2,9618.77,31,9,2023,3,24577.0,1.5551083974354307,0,0,1,0,0
325.56,26.17,1,6711.89,30,9,2023,4,9767.0,0.4551787946465153,0,0,0,1,0
629.63,5.74,1,9338.73,35,9,2023,5,22037.0,1.3597427059139735,1,0,0,0,0
887.12,43.01,2,2728.41,23,9,2023,6,20404.0,6.478348195469157,0,0,0,1,0
619.7,36.14,0,6153.49,30,9,2023,7,18591.0,2.0212123526649104,0,0,1,0,0
240.63,3.38,1,6817.15,41,9,2023,8,9866.0,0.4472323478286381,1,0,0,0,0
34.16,35.39,1,3243.74,19,9,2023,9,649.0,-0.7999223118992275,0,0,0,1,0
871.4,27.18,1,8496.28,30,9,2023,10,26142.0,2.0768759974953745,0,0,0,1,0
31.06,4.09,1,9476.9,29,9,2023,11,901.0,-0.9049267165423291,0,0,1,0,0
875.95,22.92,2,8860.07,40,9,2023,12,35038.0,2.9545962955145955,1,0,0,0,0
533.65,24.23,2,7416.76,30,9,2023,13,16010.0,1.158624520680189,0,0,1,0,0
939.68,8.29,1,2846.9,27,9,2023,14,25371.0,7.911798798693315,1,0,0,0,0
800.8,47.28,0,2888.0,23,9,2023,15,18418.0,5.377423822714682,0,0,0,0,1
997.95,42.5,1,9637.27,35,9,2023,16,34928.0,2.6242628877265037,0,1,0,0,0
357.2,33.45,0,201.82,35,9,2023,17,12502.0,60.946288772173226,0,1,0,0,0
769.52,23.11,1,7188.89,35,9,2023,18,26933.0,2.7464754642232667,0,1,0,0,0
407.91,20.59,0,7091.84,9,9,2023,19,3671.0,-0.4823628282645971,0,0,1,0,0
485.08,32.55,1,6264.63,27,9,2023,20,13097.0,1.0906262620458032,0,0,0,0,1
631.23,27.27,0,9902.08,28,9,2023,21,17674.0,0.7848775206825233,1,0,0,0,0
874.94,3.11,1,3187.61,14,9,2023,22,12249.0,2.842690918901622,0,0,0,1,0
984.24,25.63,1,3465.72,22,9,2023,23,21653.0,5.247763812425701,1,0,0,0,0
770.59,40.32,0,881.5,22,9,2023,24,16953.0,18.23199092456041,0,0,0,1,0
423.59,22.96,2,4483.7,31,9,2023,25,13131.0,1.9286080692285388,1,0,0,0,0
427.14,2.6,0,2684.38,26,9,2023,26,11106.0,3.137268196008016,0,0,0,0,1
740.21,39.31,2,3499.53,26,9,2023,27,19245.0,4.499309907330413,0,0,0,1,0
246.39,10.07,1,8362.26,25,9,2023,28,6160.0,-0.2633570350599001,0,0,1,0,0
119.37,12.93,0,9361.3,19,9,2023,29,2268.0,-0.7577259568649654,1,0,0,0,0
361.08,8.24,0,1938.76,14,9,2023,30,5055.0,1.6073366481668694,1,0,0,0,0
294.37,16.51,0,3787.84,31,10,2023,1,9125.0,1.4090246684126044,0,0,0,1,0
303.35,37.84,2,9293.44,32,10,2023,2,9707.0,0.0445002065973417,0,0,1,0,0
241.27,25.97,2,711.9,39,10,2023,3,9410.0,12.218148616378706,0,0,1,0,0
51.67,10.24,1,1014.37,28,10,2023,4,1447.0,0.426501178071118,0,0,0,0,1
27.7,43.89,2,1711.63,23,10,2023,5,637.0,-0.6278401289998423,0,0,1,0,0
987.85,43.98,2,5992.61,35,10,2023,6,34575.0,4.769606231675347,0,0,1,0,0
433.5,43.53,1,1589.68,30,10,2023,7,13005.0,7.180891751799104,0,0,1,0,0
390.48,11.94,0,9683.96,37,10,2023,8,14448.0,0.4919516396185033,0,1,0,0,0
682.85,22.56,0,4522.47,36,10,2023,9,24583.0,4.435746395222079,0,0,0,0,1
226.07,49.25,1,5065.03,38,10,2023,10,8591.0,0.6961400031194288,1,0,0,0,0
950.46,38.6,0,2541.92,30,10,2023,11,28514.0,10.217504878202304,0,0,0,1,0
788.48,1.36,2,4762.51,26,10,2023,12,20500.0,3.3044529040358968,1,0,0,0,0
98.52,3.26,1,6652.94,19,10,2023,13,1872.0,-0.718620639897549,0,0,0,0,1
423.4,23.2,1,7536.65,43,10,2023,14,18206.0,1.4156621310529216,0,0,0,1,0
880.33,45.46,1,7563.29,22,10,2023,15,19367.0,1.5606581262916006,0,0,0,0,1
945.28,26.94,0,5821.12,35,10,2023,16,33085.0,4.683614149854324,0,0,1,0,0
472.73,24.89,1,9053.16,37,10,2023,17,17491.0,0.9320325720521896,0,0,0,1,0
617.28,5.27,1,8192.34,36,10,2023,18,22222.0,1.712533903622164,0,0,1,0,0
175.36,32.84,1,7594.78,23,10,2023,19,4033.0,-0.4689773765665365,1,0,0,0,0
991.26,41.11,0,650.49,15,10,2023,20,14869.0,21.858153084597763,1,0,0,0,0
239.35,19.02,2,168.09,36,10,2023,21,8617.0,50.2642037003986,0,0,0,1,0
943.3,38.78,1,2203.23,38,10,2023,22,35845.0,15.269295534283756,0,0,0,1,0
653.15,48.22,2,6668.88,32,10,2023,23,20901.0,2.134109475654083,0,0,0,0,1
611.66,10.19,0,4170.86,26,10,2023,24,15903.0,2.8128827148357893,0,0,0,0,1
517.56,26.17,0,4083.82,33,10,2023,25,17079.0,3.1821138052117868,0,0,1,0,0
238.36,14.36,0,8857.41,29,10,2023,26,6912.0,-0.2196364399976968,0,0,0,1,0
184.76,39.64,0,8966.07,34,10,2023,27,6282.0,-0.299358581853588,1,0,0,0,0
228.28,28.88,2,9100.84,22,10,2023,28,5022.0,-0.4481828051037047,0,0,0,0,1
194.57,31.73,1,3207.39,22,10,2023,29,4281.0,0.3347301076576282,0,0,0,0,1
781.79,39.9,0,6941.45,39,10,2023,30,30490.0,3.392454026176087,1,0,0,0,0
356.62,19.8,0,2789.17,35,10,2023,31,12482.0,3.475166447366062,0,0,0,0,1
67.26,45.75,2,1987.04,41,11,2023,1,2758.0,0.3879942024317578,0,0,1,0,0
969.41,26.65,2,1927.86,28,11,2023,2,27143.0,13.079341860923511,0,0,0,1,0
884.95,7.9,0,3486.87,27,11,2023,3,23894.0,5.85256404741215,1,0,0,0,0
928.47,34.79,1,4356.58,34,11,2023,4,31568.0,6.2460508013166285,0,0,0,1,0
994.96,39.66,1,8326.4,39,11,2023,5,38803.0,3.6602373174481166,0,0,0,0,1
182.16,15.84,0,1286.92,36,11,2023,6,6558.0,4.0958878562770025,0,0,0,0,1
402.28,42.86,2,7375.77,18,11,2023,7,7241.0,-0.0182719905853897,1,0,0,0,0
760.66,45.31,0,5361.4,29,11,2023,8,22059.0,3.1144104151900622,0,0,1,0,0
699.06,13.85,0,2950.66,25,11,2023,9,17476.0,4.922742708411,0,1,0,0,0
162.36,49.18,2,4978.91,29,11,2023,10,4708.0,-0.0544115077396458,1,0,0,0,0
817.67,7.04,0,3069.43,17,11,2023,11,13900.0,3.5285280980507783,0,1,0,0,0
232.2,10.1,0,6001.21,33,11,2023,12,7663.0,0.2769091566534082,0,1,0,0,0
231.58,9.21,0,4395.05,34,11,2023,13,7874.0,0.7915609606261589,0,0,1,0,0
541.6,44.7,2,1727.61,29,11,2023,14,15706.0,8.091172197428818,0,1,0,0,0
597.01,32.71,1,1254.17,18,11,2023,15,10746.0,7.568216429989555,0,1,0,0,0
584.29,7.61,1,5512.29,18,11,2023,16,10517.0,0.9079184875977134,0,0,1,0,0
100.57,22.02,2,9033.89,22,11,2023,17,2213.0,-0.7550335459032598,0,1,0,0,0
878.69,30.76,1,3505.18,14,11,2023,18,12302.0,2.509662841851203,0,1,0,0,0
272.94,4.17,0,7356.7,38,11,2023,19,10372.0,0.409871273804831,0,1,0,0,0
138.22,44.12,1,6620.75,33,11,2023,20,4561.0,-0.3111052373220556,1,0,0,0,0
889.86,40.18,0,9322.39,29,11,2023,21,25806.0,1.7681742557434308,1,0,0,0,0
956.09,25.26,1,8227.71,27,11,2023,22,25814.0,2.137446506986756,1,0,0,0,0
863.51,48.36,2,5709.39,32,11,2023,23,27632.0,3.839746452773413,0,0,1,0,0
811.42,20.89,1,6604.6,31,11,2023,24,25154.0,2.808557671925628,0,0,0,0,1
658.69,49.21,1,8994.03,30,11,2023,25,19761.0,1.1971240923145685,0,1,0,0,0
555.35,33.4,1,4055.24,38,11,2023,26,21103.0,4.203884357029424,0,1,0,0,0
96.12,31.73,2,3335.27,37,11,2023,27,3556.0,0.0661805491009723,0,0,1,0,0
414.37,8.3,1,207.03,46,11,2023,28,19061.0,91.06878230208184,0,1,0,0,0
378.96,44.1,2,8282.86,24,11,2023,29,9095.0,0.0980506733181533,1,0,0,0,0
267.16,21.37,0,8029.71,23,11,2023,30,6145.0,-0.2347170694832067,0,0,0,0,1
726.19,8.11,1,1134.1,45,12,2023,1,32679.0,27.814919319284016,0,0,0,1,0
500.92,0.63,2,5810.89,32,12,2023,2,16029.0,1.758441477983579,0,1,0,0,0
90.24,27.99,2,4693.42,37,12,2023,3,3339.0,-0.2885784779542423,1,0,0,0,0
227.98,26.37,1,1275.22,36,12,2023,4,8207.0,5.435752262354731,0,0,0,1,0
686.43,35.97,0,9807.63,32,12,2023,5,21966.0,1.2396848168211894,0,0,0,0,1
85.37,44.51,2,2225.49,32,12,2023,6,2732.0,0.2275948218145218,0,0,0,1,0
852.69,3.97,1,765.62,21,12,2023,7,17906.0,22.387581306653438,1,0,0,0,0
500.2,36.57,0,5988.99,23,12,2023,8,11505.0,0.9210250810236784,0,0,0,1,0
485.78,9.37,2,7414.78,24,12,2023,9,11659.0,0.5723999902896647,0,0,1,0,0
596.48,42.91,2,421.19,24,12,2023,10,14316.0,32.98941095467604,0,0,0,1,0
826.43,40.95,0,6621.3,23,12,2023,11,19008.0,1.8707353540845453,0,1,0,0,0
354.33,27.04,0,5369.69,31,12,2023,12,10984.0,1.04555570247072,0,1,0,0,0
681.24,35.51,1,1122.32,30,12,2023,13,20437.0,17.209601539667833,0,0,1,0,0
570.07,15.72,1,1807.99,16,12,2023,14,9121.0,4.044828787769844,1,0,0,0,0
274.36,23.56,2,5722.95,38,12,2023,15,10426.0,0.8217877143780743,0,1,0,0,0
879.84,41.08,0,3033.94,21,12,2023,16,18477.0,5.090100661186444,0,0,0,0,1
799.45,22.96,0,9389.33,14,12,2023,17,11192.0,0.1919913348449783,0,1,0,0,0
661.87,17.89,0,8205.53,33,12,2023,18,21842.0,1.6618634018765392,0,1,0,0,0
852.08,24.71,2,9837.32,36,12,2023,19,30675.0,2.118227322075525,1,0,0,0,0
868.62,41.41,0,2670.74,31,12,2023,20,26927.0,9.082224402225602,0,0,0,1,0
711.28,16.76,0,9700.26,25,12,2023,21,17782.0,0.8331467403966492,0,1,0,0,0
838.64,8.69,2,4369.22,47,12,2023,22,39416.0,8.021289841207354,0,0,1,0,0
700.5,35.6,1,3540.44,37,12,2023,23,25918.0,6.320559026561671,0,0,0,1,0
683.34,41.3,1,598.46,43,12,2023,24,29384.0,48.0993550111954,0,0,0,0,1
622.43,5.03,2,622.38,43,12,2023,25,26764.0,42.002667180822,1,0,0,0,0
755.19,11.99,0,6950.91,31,12,2023,26,23411.0,2.3680482123923343,0,0,0,0,1
167.02,7.1,2,4633.5,24,12,2023,27,4008.0,-0.1349951440595662,0,0,0,1,0
882.06,17.4,1,2342.56,28,12,2023,28,24698.0,9.543166450379072,0,0,0,1,0
873.13,22.52,1,6178.31,20,12,2023,29,17463.0,1.826501098196756,0,0,0,1,0
38.95,37.44,2,2603.3,33,12,2023,30,1285.0,-0.5063957284984443,0,0,0,0,1
827.56,32.56,2,5818.55,20,12,2023,31,16551.0,1.8445231200213112,0,0,0,1,0
137.58,31.05,1,3656.17,28,1,2024,1,3852.0,0.0535615138245759,0,0,0,0,1
341.77,17.62,2,8253.17,31,1,2024,2,10595.0,0.2837491533556197,0,0,0,1,0
746.07,42.07,1,8224.89,32,1,2024,3,23874.0,1.9026528014356423,0,0,1,0,0
169.15,23.56,2,4825.77,46,1,2024,4,7781.0,0.6123851737650156,0,0,0,1,0
819.79,48.96,2,3573.11,25,1,2024,5,20495.0,4.735899538497275,0,0,0,0,1
833.81,31.71,2,3689.34,29,1,2024,6,24180.0,5.554017791800159,0,1,0,0,0
512.39,6.31,1,8076.57,33,1,2024,7,16909.0,1.093586757744934,0,0,0,1,0
16.32,33.81,2,3348.98,38,1,2024,8,620.0,-0.8148690048910414,0,1,0,0,0
294.17,16.26,1,2169.69,24,1,2024,9,7060.0,2.25392106706488,0,0,1,0,0
620.76,34.32,1,938.41,44,1,2024,10,27313.0,28.1056148165514,1,0,0,0,0
981.37,3.48,2,4720.26,14,1,2024,11,13739.0,1.910644752619559,0,0,1,0,0
635.5,8.74,2,4873.11,32,1,2024,12,20336.0,3.173105060218218,0,0,0,1,0
267.21,42.79,1,8425.0,20,1,2024,13,5344.0,-0.3656973293768546,0,1,0,0,0
637.67,11.36,1,2290.26,33,1,2024,14,21043.0,8.188039785875837,0,1,0,0,0
544.59,41.85,0,3871.81,26,1,2024,15,14159.0,2.656945976171352,0,0,0,0,1
782.05,13.96,1,8103.22,35,1,2024,16,27372.0,2.3779164332203737,0,1,0,0,0
115.91,32.14,0,8253.87,37,1,2024,17,4289.0,-0.4803649681906791,0,0,0,0,1
763.42,34.71,0,3907.65,27,1,2024,18,20612.0,4.27478151830384,1,0,0,0,0
545.85,25.63,0,4645.33,23,1,2024,19,12555.0,1.7027143389167183,0,0,0,1,0
963.36,15.27,2,3102.53,24,1,2024,20,23121.0,6.452305054262166,0,0,0,0,1
348.45,10.63,2,9332.29,30,1,2024,21,10454.0,0.1201966505541511,1,0,0,0,0
636.3,1.66,1,1274.57,38,1,2024,22,24179.0,17.970319401837482,0,1,0,0,0
932.71,15.2,0,9344.12,34,1,2024,23,31712.0,2.3937920317804133,0,1,0,0,0
111.48,32.66,2,6870.28,40,1,2024,24,4459.0,-0.3509725950034059,1,0,0,0,0
937.86,46.92,2,5362.56,18,1,2024,25,16881.0,2.1479368063014674,0,1,0,0,0
691.01,43.56,2,423.32,29,1,2024,26,20039.0,46.33771142398186,1,0,0,0,0
77.16,38.3,2,4808.4,42,1,2024,27,3241.0,-0.3259712170368521,0,0,0,0,1
307.95,39.42,2,4136.71,26,1,2024,28,8007.0,0.9355961621675196,0,0,0,0,1
711.09,33.25,0,1696.07,18,1,2024,29,12800.0,6.54685832542289,1,0,0,0,0
76.68,13.01,0,6598.46,24,1,2024,30,1840.0,-0.7211470555250771,0,0,0,0,1
586.35,45.36,0,9714.39,27,1,2024,31,15831.0,0.629644269995337,0,0,0,0,1
352.42,33.54,0,5665.67,19,2,2024,1,6696.0,0.1818549262487931,0,0,0,0,1
624.71,28.02,1,7176.06,31,2,2024,2,19366.0,1.6986953843752697,0,0,1,0,0
55.28,5.55,0,777.66,24,2,2024,3,1327.0,0.706401255047193,0,0,0,1,0
872.82,22.35,2,4234.9,28,2,2024,4,24439.0,4.770856454697868,0,1,0,0,0
973.75,23.02,0,1251.95,24,2,2024,5,23370.0,17.66687966771836,0,0,1,0,0
969.19,43.23,1,6166.68,26,2,2024,6,25199.0,3.0863154890475912,0,0,0,0,1
752.16,27.33,2,9390.97,34,2,2024,7,25573.0,1.7231478750331437,1,0,0,0,0
138.79,19.02,0,6651.6,17,2,2024,8,2359.0,-0.6453484875819352,0,0,0,0,1
760.68,48.84,0,860.35,26,2,2024,9,19778.0,21.98831870750276,0,0,0,1,0
34.34,5.54,0,3611.2,26,2,2024,10,893.0,-0.7527137793531236,0,0,0,0,1
31.9,21.13,2,5551.57,36,2,2024,11,1148.0,-0.7932116500377371,1,0,0,0,0
330.37,2.1,2,4091.76,32,2,2024,12,10572.0,1.583729250982462,0,0,0,1,0
493.76,37.0,1,8353.08,34,2,2024,13,16788.0,1.0097975836457929,0,0,0,0,1
772.7,45.9,2,8165.24,45,2,2024,14,34772.0,3.258539859208058,0,0,0,1,0
686.46,14.0,2,6157.13,22,2,2024,15,15102.0,1.452766142667119,0,1,0,0,0
451.44,42.92,0,3797.23,31,2,2024,16,13995.0,2.685581331654917,0,1,0,0,0
280.89,14.61,2,2627.83,32,2,2024,17,8988.0,2.420312577297618,0,0,0,0,1
997.15,45.54,0,1148.16,21,2,2024,18,20940.0,17.237876254180602,0,0,0,1,0
431.92,37.7,0,3613.49,20,2,2024,19,8638.0,1.3904867593379255,1,0,0,0,0
456.87,40.25,2,4190.41,26,2,2024,20,11879.0,1.834806140687904,0,0,0,0,1
171.99,0.9,1,6790.65,26,2,2024,21,4472.0,-0.3414474313946382,0,1,0,0,0
796.86,48.14,1,6615.78,30,2,2024,22,23906.0,2.613481705860836,0,1,0,0,0
696.75,36.33,2,794.07,33,2,2024,23,22993.0,27.955885501278225,0,0,0,0,1
228.56,15.24,1,4013.07,36,2,2024,24,8228.0,1.050300642650141,0,0,0,1,0
91.56,41.47,0,1899.61,19,2,2024,25,1740.0,-0.0840225098836076,0,1,0,0,0
683.69,14.08,0,1652.45,27,2,2024,26,18460.0,10.171291113195558,0,0,0,1,0
657.97,43.64,2,8290.29,31,2,2024,27,20397.0,1.4603481904734332,0,1,0,0,0
280.53,5.63,1,514.96,28,2,2024,28,7855.0,14.253611931023768,0,1,0,0,0
951.35,35.18,1,4249.91,20,2,2024,29,19027.0,3.477035984291432,0,0,1,0,0
159.55,27.03,0,1765.22,35,3,2024,1,5584.0,2.163345078800376,0,1,0,0,0
438.01,4.83,2,8805.37,26,3,2024,2,11388.0,0.2933017011210203,1,0,0,0,0
944.18,12.09,1,5614.7,32,3,2024,3,30214.0,4.38123141040483,0,0,0,0,1
425.53,0.62,2,2390.67,39,3,2024,4,16596.0,5.941986974362836,0,0,0,0,1
642.14,23.44,1,5074.03,40,3,2024,5,25686.0,4.062248350916334,0,0,0,1,0
403.62,15.06,0,7341.71,17,3,2024,6,6862.0,-0.0653403634848012,0,1,0,0,0
281.47,29.92,0,9585.37,29,3,2024,7,8163.0,-0.1483896813581531,1,0,0,0,0
984.14,14.86,2,2282.42,34,3,2024,8,33461.0,13.660316681417092,0,0,0,1,0
415.24,15.0,0,8873.2,35,3,2024,9,14533.0,0.6378533110940809,0,0,1,0,0
895.16,37.16,1,9349.61,14,3,2024,10,12532.0,0.3403767643784071,0,0,0,1,0
237.66,2.41,0,9172.56,37,3,2024,11,8793.0,-0.0413799419137077,0,0,0,1,0
220.97,45.14,2,6390.6,20,3,2024,12,4419.0,-0.3085156323349921,0,1,0,0,0
40.82,42.61,2,6335.22,15,3,2024,13,612.0,-0.903397198518757,0,0,1,0,0
655.15,33.39,2,4091.79,26,3,2024,14,17034.0,3.162970240408232,0,0,0,1,0
374.84,29.66,1,7548.74,32,3,2024,15,11995.0,0.5890069071129752,1,0,0,0,0
865.71,44.62,1,5359.81,40,3,2024,16,34628.0,5.460676777721598,1,0,0,0,0
478.48,9.27,1,6806.64,26,3,2024,17,12440.0,0.8276271405568679,0,0,0,0,1
968.51,3.95,1,4341.73,25,3,2024,18,24213.0,4.576809244241352,0,0,1,0,0
193.67,11.98,1,7341.81,33,3,2024,19,6391.0,-0.129506211683495,0,0,1,0,0
869.94,39.73,0,8262.27,15,3,2024,20,13049.0,0.5793480484176866,0,0,0,0,1
778.83,1.73,1,1549.72,26,3,2024,21,20250.0,12.066876597062697,0,0,0,1,0
773.21,29.14,1,8346.0,23,3,2024,22,17784.0,1.1308411214953271,0,0,1,0,0
846.34,49.77,0,5448.94,36,3,2024,23,30468.0,4.591546245691824,1,0,0,0,0
763.41,42.78,1,8462.19,19,3,2024,24,14505.0,0.7140952873901436,1,0,0,0,0
629.96,26.07,2,4369.89,33,3,2024,25,20789.0,3.7573279876610166,0,1,0,0,0
139.93,3.18,1,3852.5,30,3,2024,26,4198.0,0.0896820246593121,0,0,1,0,0
42.2,41.57,1,9159.1,28,3,2024,27,1182.0,-0.8709480189101549,0,0,0,1,0
921.64,29.95,2,2586.58,30,3,2024,28,27649.0,9.689404541904754,0,0,0,0,1
620.48,5.75,2,8457.7,26,3,2024,29,16132.0,0.9073743452711728,0,0,0,0,1
798.57,4.69,2,4891.8,20,3,2024,30,15971.0,2.264851383948649,0,0,0,1,0
486.71,45.48,2,5189.54,31,3,2024,31,15088.0,1.907386781872767,0,1,0,0,0
126.14,33.46,1,3153.84,31,4,2024,1,3910.0,0.2397585166019835,0,0,0,0,1
133.93,41.46,2,5773.12,26,4,2024,2,3482.0,-0.396859930159082,0,0,1,0,0
688.71,43.95,2,3319.59,33,4,2024,3,22727.0,5.846327407902783,0,1,0,0,0
436.0,28.59,0,488.77,29,4,2024,4,12644.0,24.869018147594986,0,0,1,0,0
208.52,25.87,2,2792.79,24,4,2024,5,5004.0,0.791756630466308,1,0,0,0,0
496.68,21.52,2,163.15,30,4,2024,6,14900.0,90.32699969353357,0,1,0,0,0
73.57,15.85,0,9785.71,27,4,2024,7,1986.0,-0.7970510060077398,0,0,0,0,1
586.15,21.73,0,9660.9,30,4,2024,8,17584.0,0.8201202786489872,0,1,0,0,0
276.3,38.69,1,4012.04,22,4,2024,9,6079.0,0.5151892802663982,0,1,0,0,0
799.58,30.1,0,7310.87,31,4,2024,10,24787.0,2.390430961021055,0,1,0,0,0
317.26,44.63,1,3523.48,18,4,2024,11,5711.0,0.620840759703475,0,1,0,0,0
460.67,22.17,0,6743.82,21,4,2024,12,9674.0,0.4344985483005181,0,0,1,0,0
21.5,30.35,0,8073.76,35,4,2024,13,752.0,-0.9068587622124016,1,0,0,0,0
81.72,31.57,1,9472.89,29,4,2024,14,2370.0,-0.7498123592694521,0,0,0,1,0
398.57,29.58,0,4062.1,24,4,2024,15,9566.0,1.3549395632800767,0,1,0,0,0
485.14,35.13,1,7854.65,26,4,2024,16,12614.0,0.6059276988790081,0,0,0,0,1
604.02,11.87,0,2732.69,39,4,2024,17,23557.0,7.620443592211338,0,1,0,0,0
298.75,25.62,2,9904.29,26,4,2024,18,7768.0,-0.2156934015461987,0,0,0,0,1
698.03,5.21,0,355.12,38,4,2024,19,26525.0,73.69306150033792,0,0,1,0,0
861.52,19.23,1,6074.94,39,4,2024,20,33599.0,4.530754213210336,0,0,0,0,1
782.05,24.38,0,6629.11,43,4,2024,21,33628.0,4.0727774920011885,0,0,0,1,0
49.22,32.61,1,6911.65,27,4,2024,22,1329.0,-0.8077159578393003,1,0,0,0,0
485.7,47.53,1,1291.84,21,4,2024,23,10200.0,6.89571463958385,0,0,0,0,1
113.88,30.03,2,9391.44,27,4,2024,24,3075.0,-0.6725741739285989,0,0,0,0,1
249.62,37.18,2,1893.71,35,4,2024,25,8737.0,3.6136948107154736,1,0,0,0,0
986.8,25.31,1,6265.26,24,4,2024,26,23683.0,2.780050628385733,0,0,0,1,0
151.07,31.71,0,2304.49,25,4,2024,27,3777.0,0.6389743500731183,0,1,0,0,0
503.9,3.55,1,3141.44,33,4,2024,28,16629.0,4.29343231129673,0,0,0,0,1
621.97,12.72,1,5509.94,27,4,2024,29,16793.0,2.0477645854582813,1,0,0,0,0
705.44,18.09,0,4230.21,16,4,2024,30,11287.0,1.668189049716208,0,0,1,0,0
564.05,23.62,0,1686.23,19,5,2024,1,10717.0,5.355597990784176,1,0,0,0,0
19.67,2.28,0,1792.27,24,5,2024,2,472.0,-0.7366468221863893,0,0,1,0,0
333.2,7.0,0,4239.63,16,5,2024,3,5331.0,0.2574210485348957,0,0,0,1,0
522.53,13.84,1,7597.1,44,5,2024,4,22991.0,2.0262863461057505,0,1,0,0,0
96.99,48.58,1,8989.85,18,5,2024,5,1746.0,-0.8057809640872762,1,0,0,0,0
357.12,16.57,2,932.86,38,5,2024,6,13571.0,13.547734922710802,0,0,0,0,1
42.87,24.1,1,3991.73,27,5,2024,7,1157.0,-0.7101507366480198,0,0,0,1,0
87.79,9.8,0,1092.43,26,5,2024,8,2283.0,1.0898364197248336,1,0,0,0,0
402.95,30.54,2,264.27,26,5,2024,9,10477.0,38.64505997653914,0,0,0,0,1
141.39,14.03,0,6651.01,26,5,2024,10,3676.0,-0.4473019887205101,1,0,0,0,0
571.87,10.35,1,6064.25,38,5,2024,11,21731.0,2.5834604444078,0,0,1,0,0
692.57,25.83,2,1713.89,28,5,2024,12,19392.0,10.314611789554757,1,0,0,0,0
802.58,0.28,0,2414.75,22,5,2024,13,17657.0,6.3121441142975465,1,0,0,0,0
208.15,0.38,2,334.71,34,5,2024,14,7077.0,20.143676615577665,1,0,0,0,0
175.81,10.95,2,8365.98,24,5,2024,15,4219.0,-0.4956956626719164,0,0,0,1,0
113.52,1.84,1,9749.44,40,5,2024,16,4541.0,-0.5342296583188368,1,0,0,0,0
640.07,5.4,0,1441.05,35,5,2024,17,22402.0,14.545609104472437,0,0,0,0,1
709.41,16.94,2,2391.6,31,5,2024,18,21992.0,8.195517645091153,0,0,1,0,0
41.27,40.13,2,8697.25,26,5,2024,19,1073.0,-0.8766276696656989,0,0,1,0,0
936.85,28.6,0,9271.99,30,5,2024,20,28106.0,2.031280232183167,1,0,0,0,0
61.45,25.63,2,4254.31,28,5,2024,21,1721.0,-0.5954690654888807,0,0,0,1,0
545.88,14.67,2,601.16,16,5,2024,22,8734.0,13.528578082374077,0,0,0,1,0
711.97,46.59,2,489.98,31,5,2024,23,22071.0,44.04469570186538,0,0,0,0,1
872.26,19.85,0,5782.1,21,5,2024,24,18317.0,2.1678801819408173,1,0,0,0,0
716.95,4.35,0,3989.66,32,5,2024,25,22942.0,4.7503646927307095,0,0,1,0,0
803.71,30.85,0,383.66,43,5,2024,26,34560.0,89.079758119168,0,0,0,1,0
346.06,5.69,0,5874.2,35,5,2024,27,12112.0,1.0618977903374076,1,0,0,0,0
816.68,17.26,1,211.9,21,5,2024,28,17150.0,79.93440302029258,0,0,0,1,0
89.31,25.37,2,7894.98,31,5,2024,29,2769.0,-0.6492708024592843,0,0,0,1,0
895.87,43.71,0,3133.68,25,5,2024,30,22397.0,6.147187970692604,0,0,1,0,0
552.12,24.68,2,498.55,40,5,2024,31,22085.0,43.29846555009528,0,1,0,0,0
819.12,35.11,2,5924.69,29,6,2024,1,23754.0,3.00932369457305,0,0,0,0,1
457.8,49.64,1,4037.08,22,6,2024,2,10072.0,1.4948725316317737,0,0,0,0,1
647.14,6.57,0,9740.62,32,6,2024,3,20708.0,1.1259427017992694,0,0,1,0,0
531.14,13.74,0,5487.57,28,6,2024,4,14872.0,1.7101248822338486,0,0,0,1,0
734.27,19.73,2,2824.87,47,6,2024,5,34511.0,11.2168453769554,1,0,0,0,0
90.81,21.09,0,7123.44,49,6,2024,6,4450.0,-0.3753018204687622,0,0,0,1,0
69.75,20.55,2,2787.77,30,6,2024,7,2092.0,-0.2495794129357874,0,0,1,0,0
254.63,45.38,2,9052.01,26,6,2024,8,6620.0,-0.2686707151229395,0,0,0,0,1
167.95,35.7,1,3809.75,22,6,2024,9,3695.0,-0.0301200866198569,0,0,0,1,0
873.07,30.4,1,5543.7,28,6,2024,10,24446.0,3.4096902790555044,0,0,0,0,1
227.02,15.47,1,600.67,21,6,2024,11,4767.0,6.936137979256498,1,0,0,0,0
976.11,41.19,2,4318.6,38,6,2024,12,37092.0,7.588894549159449,0,0,0,0,1
343.53,47.75,0,8340.4,21,6,2024,13,7214.0,-0.1350534746534938,0,0,0,0,1
190.3,41.06,1,8075.92,32,6,2024,14,6090.0,-0.2459063487503591,0,1,0,0,0
791.8,0.08,0,2320.75,34,6,2024,15,26921.0,10.600129268555424,0,1,0,0,0
662.12,31.82,1,2338.18,28,6,2024,16,18539.0,6.928816429872807,0,1,0,0,0
503.21,2.56,1,8191.32,18,6,2024,17,9058.0,0.1058046810526264,0,0,0,0,1
559.81,12.88,2,9310.94,23,6,2024,18,12876.0,0.3828893752940089,0,0,1,0,0
722.01,2.98,1,1044.07,29,6,2024,19,20938.0,19.05421092455487,0,0,0,0,1
236.17,30.19,1,4555.58,33,6,2024,20,7794.0,0.7108688685085105,0,0,1,0,0
996.37,34.33,2,3440.8,30,6,2024,21,29891.0,7.687223901418275,0,0,1,0,0
975.05,5.72,0,8719.82,38,6,2024,22,37052.0,3.2491702810379115,0,1,0,0,0
653.82,19.19,1,926.9,26,6,2024,23,16999.0,17.33962671269824,0,0,0,1,0
207.55,22.81,2,2190.15,30,6,2024,24,6226.0,1.842727667054768,1,0,0,0,0
683.43,18.45,1,7549.44,27,6,2024,25,18453.0,1.4442872583926758,0,1,0,0,0
81.48,6.05,2,607.81,42,6,2024,26,3422.0,4.630048863954197,0,1,0,0,0
40.35,20.95,0,4976.1,16,6,2024,27,646.0,-0.8701794578083238,0,0,0,1,0
265.11,37.56,0,4476.86,49,6,2024,28,12990.0,1.90158727322275,1,0,0,0,0
468.0,3.55,2,3410.57,32,6,2024,29,14976.0,3.3910548676614174,0,0,0,0,1
869.59,4.01,2,4006.27,28,6,2024,30,24349.0,5.077723168932698,0,0,0,0,1
729.9,17.74,2,5346.41,27,7,2024,1,19707.0,2.686024827875153,0,1,0,0,0
745.28,47.09,0,1697.54,41,7,2024,2,30556.0,17.000164944566844,1,0,0,0,0
431.24,33.43,1,5762.76,32,7,2024,3,13800.0,1.394685879682652,0,1,0,0,0
352.48,33.93,0,8073.78,25,7,2024,4,8812.0,0.0914342476510383,0,0,1,0,0
377.33,18.1,2,7625.59,42,7,2024,5,15848.0,1.078265419462625,0,1,0,0,0
987.77,29.68,2,1623.61,22,7,2024,6,21731.0,12.384371862701018,0,1,0,0,0
49.71,0.51,0,1577.57,40,7,2024,7,1988.0,0.2601659514316322,0,0,0,0,1
868.36,31.8,2,2754.93,35,7,2024,8,30393.0,10.032222234321743,0,0,0,0,1
582.89,45.66,0,3674.64,33,7,2024,9,19235.0,4.234526375372826,0,0,0,0,1
444.23,30.63,2,4143.71,22,7,2024,10,9773.0,1.3585144713312467,0,0,1,0,0
728.01,43.68,1,6829.0,35,7,2024,11,25480.0,2.73114658075853,0,0,0,0,1
491.8,36.2,1,661.14,16,7,2024,12,7869.0,10.902168980851256,1,0,0,0,0
874.69,6.03,2,443.26,29,7,2024,13,25366.0,56.22600730947977,0,0,0,1,0
901.69,45.12,0,3979.91,27,7,2024,14,24346.0,5.117223756316098,1,0,0,0,0
427.5,3.32,1,7001.92,13,7,2024,15,5558.0,-0.2062177231387962,1,0,0,0,0
284.06,26.7,0,2015.01,33,7,2024,16,9374.0,3.652086093865539,0,0,0,0,1
596.43,7.11,2,6450.89,31,7,2024,17,18489.0,1.8661161483144184,0,0,0,1,0
913.24,0.59,0,2672.3,34,7,2024,18,31050.0,10.619204430640272,0,0,0,1,0
218.56,21.1,1,8872.25,40,7,2024,19,8742.0,-0.0146806052579672,0,0,0,1,0
626.74,14.75,0,8967.33,28,7,2024,20,17549.0,0.9569927726536216,0,0,1,0,0
635.24,24.3,0,3043.14,15,7,2024,21,9529.0,2.131305165059774,0,0,0,0,1
735.78,28.86,2,2376.94,26,7,2024,22,19130.0,7.048162763889708,0,0,0,1,0
140.25,2.19,2,4171.91,37,7,2024,23,5189.0,0.2437948086128416,0,0,1,0,0
718.67,6.15,2,2481.26,31,7,2024,24,22279.0,7.978905878464972,0,1,0,0,0
909.94,27.93,1,6756.6,36,7,2024,25,32758.0,3.8482964804783473,0,1,0,0,0
187.89,17.16,1,8278.04,34,7,2024,26,6388.0,-0.2283197471865321,0,0,1,0,0
245.17,36.46,2,6763.61,26,7,2024,27,6374.0,-0.0576038535634076,0,0,1,0,0
971.68,32.61,2,8261.07,29,7,2024,28,28179.0,2.41105934219175,0,0,0,0,1
189.17,42.28,1,4030.22,28,7,2024,29,5297.0,0.3143203100575155,0,0,0,0,1
855.84,34.62,1,1647.54,31,7,2024,30,26531.0,15.1034026487976,0,1,0,0,0
497.36,21.5,1,7405.71,31,7,2024,31,15418.0,1.0819070690048624,0,0,0,1,0
254.76,33.65,1,3668.7,33,8,2024,1,8407.0,1.2915474146155317,0,1,0,0,0
872.04,13.77,2,6745.58,34,8,2024,2,29649.0,3.39532256677706,0,0,0,1,0
450.85,15.32,1,2779.38,25,8,2024,3,11271.0,3.055220948556872,0,0,0,1,0
519.67,39.45,2,904.17,31,8,2024,4,16110.0,16.817445834301072,0,0,0,0,1
365.64,22.32,0,9926.56,22,8,2024,5,8044.0,-0.1896487806450572,1,0,0,0,0
597.02,39.92,0,1646.39,30,8,2024,6,17911.0,9.878953346412452,1,0,0,0,0
171.89,41.12,1,9885.37,28,8,2024,7,4813.0,-0.5131188817414017,0,0,1,0,0
397.17,42.88,0,9775.07,20,8,2024,8,7943.0,-0.1874226987632825,0,0,0,0,1
969.72,45.83,0,7958.8,29,8,2024,9,28122.0,2.533447253354777,0,0,0,1,0
265.55,21.55,0,6628.29,24,8,2024,10,6373.0,-0.0385152128226133,1,0,0,0,0
660.17,15.94,1,5820.29,24,8,2024,11,15844.0,1.722201127435231,0,0,0,1,0
331.94,29.11,1,8674.41,28,8,2024,12,9294.0,0.0714273362684033,1,0,0,0,0
775.74,18.56,0,2965.45,37,8,2024,13,28702.0,8.67880085653105,1,0,0,0,0
139.56,30.05,2,4730.04,30,8,2024,14,4187.0,-0.11480664011298,1,0,0,0,0
970.12,35.28,0,6231.96,34,8,2024,15,32984.0,4.292716898054545,0,0,0,0,1
459.25,34.42,1,4170.79,30,8,2024,16,13778.0,2.303450904984427,0,1,0,0,0
243.69,18.73,1,4332.12,31,8,2024,17,7554.0,0.7437190105537244,0,0,0,1,0
82.76,8.34,1,3369.82,33,8,2024,18,2731.0,-0.1895709563122066,0,0,0,0,1
178.06,21.53,0,5685.89,29,8,2024,19,5164.0,-0.0917868618633143,0,0,0,0,1
524.58,7.13,2,8520.69,31,8,2024,20,16262.0,0.9085308818886731,0,0,0,0,1
343.63,44.5,1,2095.13,35,8,2024,21,12027.0,4.740455246213838,0,0,0,0,1
830.59,17.29,1,9350.89,28,8,2024,22,23257.0,1.4871429350575187,0,0,0,0,1
436.58,7.72,0,6921.97,32,8,2024,23,13971.0,1.0183560460389165,0,0,1,0,0
256.23,1.27,2,8250.4,43,8,2024,24,11018.0,0.3354504024047319,0,0,0,1,0
620.97,32.29,0,5606.29,16,8,2024,25,9936.0,0.772295047170232,0,0,0,0,1
709.71,31.85,1,7817.22,44,8,2024,26,31227.0,2.99464259672876,0,0,0,1,0
175.37,17.03,2,260.38,29,8,2024,27,5086.0,18.5329902450265,0,0,1,0,0
175.94,3.59,2,8201.97,32,8,2024,28,5630.0,-0.313579542475771,0,0,1,0,0
46.3,20.48,1,497.37,29,8,2024,29,1343.0,1.700203068138408,0,0,0,1,0
739.04,15.56,2,8910.14,45,8,2024,30,33257.0,2.7324890517994107,1,0,0,0,0
667.17,33.86,2,9920.43,32,8,2024,31,21349.0,1.1520236522005598,0,1,0,0,0
479.88,30.29,0,3011.27,32,9,2024,1,15356.0,4.099509509276817,1,0,0,0,0
845.73,18.23,1,2182.15,30,9,2024,2,25372.0,10.627065050523566,1,0,0,0,0
807.61,10.89,1,7677.1,29,9,2024,3,23421.0,2.0507613551992288,1,0,0,0,0
589.5,49.4,1,2604.96,24,9,2024,4,14148.0,4.43117744610282,0,0,0,0,1
869.59,22.7,1,8669.07,32,9,2024,5,27827.0,2.2099175574773304,0,0,1,0,0
213.78,34.41,1,1118.14,25,9,2024,6,5344.0,3.7793657323769834,1,0,0,0,0
120.8,7.03,2,1346.96,35,9,2024,7,4228.0,2.1389202351962937,0,0,1,0,0
277.05,24.28,0,9793.6,22,9,2024,8,6095.0,-0.3776547949681424,0,0,0,1,0
66.52,1.38,1,6771.01,22,9,2024,9,1463.0,-0.7839317915643309,0,1,0,0,0
535.86,25.27,0,8484.18,33,9,2024,10,17683.0,1.0842320648548238,0,0,0,1,0
937.24,48.2,0,3310.86,24,9,2024,11,22494.0,5.794005182943404,0,0,0,1,0
48.95,19.21,2,6797.19,34,9,2024,12,1664.0,-0.7551929547357069,0,0,0,0,1
130.89,1.95,1,5982.99,35,9,2024,13,4581.0,-0.2343293236324981,0,1,0,0,0
457.68,1.55,2,6071.19,32,9,2024,14,14646.0,1.4123771451725282,0,0,0,1,0
934.54,19.4,1,6857.07,40,9,2024,15,37382.0,4.45159958991231,0,0,0,1,0
322.99,8.0,2,5796.06,41,9,2024,16,13243.0,1.284827969344693,0,1,0,0,0
512.16,1.17,0,4347.72,45,9,2024,17,23047.0,4.300939342919967,0,1,0,0,0
51.16,37.81,1,2831.63,24,9,2024,18,1228.0,-0.5663275216041644,0,0,0,1,0
156.86,22.93,0,7708.96,37,9,2024,19,5804.0,-0.2471098565824702,0,1,0,0,0
986.76,14.46,0,2340.1,48,9,2024,20,47364.0,19.240160676894156,0,0,0,1,0
965.47,45.0,2,6954.31,25,9,2024,21,24137.0,2.47079724659959,0,0,0,1,0
14.89,5.81,1,2409.99,20,9,2024,22,298.0,-0.8763480346391479,0,0,0,0,1
952.29,47.8,0,6290.77,17,9,2024,23,16189.0,1.5734528523535274,1,0,0,0,0
642.73,15.7,2,7496.07,44,9,2024,24,28280.0,2.7726435318773706,0,0,0,1,0
869.24,44.42,1,2265.27,30,9,2024,25,26077.0,10.511652032649527,0,0,1,0,0
460.19,30.15,1,693.44,34,9,2024,26,15646.0,21.562874942316565,1,0,0,0,0
520.44,41.34,0,1396.64,31,9,2024,27,16134.0,10.552010539580708,1,0,0,0,0
493.96,49.2,1,6099.37,38,9,2024,28,18770.0,2.077367006756436,1,0,0,0,0
670.2,14.42,0,8509.52,32,9,2024,29,21446.0,1.5202361590312965,0,0,0,0,1
148.25,48.06,1,545.47,27,9,2024,30,4003.0,6.338625405613507,0,0,0,1,0
39.67,19.47,2,7368.1,24,10,2024,1,952.0,-0.8707943703261356,0,0,0,0,1
314.85,19.28,0,3479.05,40,10,2024,2,12594.0,2.6199537229990946,0,0,0,1,0
707.63,17.02,0,4837.43,49,10,2024,3,34674.0,6.167855658893255,0,0,0,0,1
209.83,27.07,1,9295.71,27,10,2024,4,5665.0,-0.3905790950879491,0,0,0,0,1
676.7,7.71,1,3386.52,28,10,2024,5,18948.0,4.595124198292052,0,0,1,0,0
970.21,27.69,0,4706.84,41,10,2024,6,39779.0,7.45131765685683,0,0,0,0,1
102.96,27.09,1,235.46,37,10,2024,7,3810.0,15.181092329907417,0,1,0,0,0
675.88,38.1,2,907.83,27,10,2024,8,18249.0,19.10178117048346,0,0,1,0,0
449.31,41.68,1,2660.06,21,10,2024,9,9436.0,2.547288407028413,0,0,0,0,1
869.46,22.02,2,375.74,25,10,2024,10,21736.0,56.84851226912226,1,0,0,0,0
185.38,15.12,2,6350.62,30,10,2024,11,5561.0,-0.1243374662631364,0,1,0,0,0
695.7,12.97,2,4321.34,18,10,2024,12,12523.0,1.8979436933914016,0,1,0,0,0
839.73,9.73,2,5526.64,17,10,2024,13,14275.0,1.5829437053978548,0,1,0,0,0
945.17,2.88,2,1829.01,27,10,2024,14,25520.0,12.952903483305176,0,0,1,0,0
686.42,17.12,1,3029.73,27,10,2024,15,18533.0,5.117046733537312,0,0,0,0,1
502.2,13.51,2,6671.86,28,10,2024,16,14062.0,1.10765813431337,0,0,0,0,1
621.67,48.32,1,9656.5,37,10,2024,17,23002.0,1.3820224719101124,1,0,0,0,0
870.22,27.89,2,599.13,33,10,2024,18,28717.0,46.93116685861165,1,0,0,0,0
574.9,17.36,0,8914.8,31,10,2024,19,17822.0,0.999147485080989,0,1,0,0,0
40.08,29.02,2,5811.12,19,10,2024,20,762.0,-0.8688720935034898,1,0,0,0,0
931.64,6.96,0,5682.8,40,10,2024,21,37266.0,5.55768283240656,0,0,1,0,0
692.63,22.2,2,5052.76,33,10,2024,22,22857.0,3.523666273482215,0,0,0,0,1
679.75,31.31,2,787.0,47,10,2024,23,31948.0,39.59466327827192,0,1,0,0,0
223.52,24.44,2,989.78,40,10,2024,24,8941.0,8.03332053587666,1,0,0,0,0
662.3,20.09,0,6049.03,28,10,2024,25,18544.0,2.065615478845369,0,0,1,0,0
399.93,49.69,0,3475.49,30,10,2024,26,11998.0,2.452175088980259,0,0,1,0,0
654.72,44.02,2,9180.95,28,10,2024,27,18332.0,0.9967432564168196,1,0,0,0,0
115.53,31.17,1,4125.25,37,10,2024,28,4275.0,0.0363008302527119,0,0,0,0,1
661.27,28.47,2,1518.49,34,10,2024,29,22483.0,13.806156115614852,1,0,0,0,0
999.42,31.03,0,7175.72,25,10,2024,30,24986.0,2.48201992273946,0,1,0,0,0
57.73,10.07,2,3004.2,32,10,2024,31,1847.0,-0.3851940616470274,1,0,0,0,0
977.4,19.76,0,5302.16,24,11,2024,1,23458.0,3.4242346515382414,0,0,1,0,0
412.84,1.97,0,7008.54,27,11,2024,2,11147.0,0.5904881758540296,1,0,0,0,0
872.05,23.78,0,9012.61,29,11,2024,3,25289.0,1.8059574307553523,0,0,0,0,1
784.56,27.15,2,7942.69,34,11,2024,4,26675.0,2.358433981434502,0,0,0,1,0
571.35,11.39,0,6795.97,28,11,2024,5,15998.0,1.3540421749948863,1,0,0,0,0
741.06,48.2,0,6828.37,46,11,2024,6,34089.0,3.9922602319440808,0,0,0,0,1
879.73,45.47,2,9464.65,27,11,2024,7,23753.0,1.5096543453799138,0,0,0,0,1
410.1,36.11,0,3028.66,30,11,2024,8,12303.0,3.0621925207847696,0,0,1,0,0
333.76,26.67,2,111.01,28,11,2024,9,9345.0,83.18160526078731,0,0,0,0,1
670.92,43.5,0,2792.35,35,11,2024,10,23482.0,7.409404265224632,0,0,0,0,1
809.77,6.53,1,2257.12,39,11,2024,11,31581.0,12.99172396682498,0,0,0,0,1
764.66,39.53,1,6652.16,46,11,2024,12,35174.0,4.287605830286704,0,0,0,0,1
799.84,6.24,0,6373.74,40,11,2024,13,31994.0,4.019658787462307,0,1,0,0,0
441.23,39.71,1,5975.27,38,11,2024,14,16767.0,1.806065667325493,0,1,0,0,0
819.66,13.79,2,260.81,37,11,2024,15,30327.0,115.2800506115563,0,0,1,0,0
129.01,43.85,1,7314.9,34,11,2024,16,4386.0,-0.4004019193700529,1,0,0,0,0
549.04,47.2,0,3302.95,24,11,2024,17,13177.0,2.989463964032153,0,0,0,0,1
15.7,7.44,0,6684.05,18,11,2024,18,283.0,-0.9576604005056816,1,0,0,0,0
331.34,23.13,2,5610.13,30,11,2024,19,9940.0,0.771794949493149,1,0,0,0,0
372.8,49.05,0,3493.04,28,11,2024,20,10438.0,1.988228019146646,0,0,1,0,0
402.21,24.17,2,1432.31,32,11,2024,21,12871.0,7.986183158673751,0,0,0,0,1
698.51,43.18,1,1034.75,24,11,2024,22,16764.0,15.201014737859389,0,0,0,0,1
394.67,29.44,1,8332.03,17,11,2024,23,6709.0,-0.1947940657918899,0,0,0,1,0
454.21,18.77,2,9192.14,36,11,2024,24,16352.0,0.7789111131901821,1,0,0,0,0
245.17,14.29,2,6532.9,23,11,2024,25,5639.0,-0.136830504064045,1,0,0,0,0
379.52,10.16,0,1124.0,31,11,2024,26,11765.0,9.467081850533807,0,1,0,0,0
235.0,38.09,1,4080.07,30,11,2024,27,7050.0,0.7279115309296164,0,0,0,1,0
82.46,19.33,2,7316.5,22,11,2024,28,1814.0,-0.752067245267546,0,1,0,0,0
607.41,25.56,1,7820.23,19,11,2024,29,11541.0,0.4757877965226088,0,1,0,0,0
671.53,24.62,2,1270.36,41,11,2024,30,27533.0,20.67338392266759,0,1,0,0,0
623.3,28.86,1,100.3,28,12,2024,1,17452.0,172.99800598205383,0,0,1,0,0
468.86,43.28,0,7150.16,26,12,2024,2,12190.0,0.7048569542499749,0,0,1,0,0
385.99,49.04,1,3630.3,33,12,2024,3,12738.0,2.508800925543344,0,1,0,0,0
864.7,20.38,1,2619.37,28,12,2024,4,24212.0,8.243444034252512,0,0,0,1,0
523.89,41.38,1,227.68,32,12,2024,5,16764.0,72.62965565706254,1,0,0,0,0
484.39,38.23,1,5448.96,36,12,2024,6,17438.0,2.2002437162320883,0,0,0,1,0
35.39,28.68,1,8526.39,30,12,2024,7,1062.0,-0.8754455285296591,0,0,0,0,1
347.84,47.8,0,9580.55,16,12,2024,8,5565.0,-0.419135644613305,0,0,1,0,0
386.39,10.02,2,5700.88,38,12,2024,9,14683.0,1.5755672808408523,1,0,0,0,0
404.83,5.46,1,5193.17,42,12,2024,10,17003.0,2.2741081073795004,1,0,0,0,0
584.37,42.7,0,942.06,20,12,2024,11,11687.0,11.405791563170077,0,0,0,0,1
538.27,21.96,1,5533.84,32,12,2024,12,17225.0,2.112666791956399,0,0,0,0,1
611.83,42.35,1,3861.79,26,12,2024,13,15908.0,3.1193332625544112,0,1,0,0,0
767.23,44.65,2,6110.64,22,12,2024,14,16879.0,1.7622311247267062,0,0,1,0,0
814.86,3.12,1,3948.39,32,12,2024,15,26076.0,5.604210830237135,0,0,1,0,0
720.94,44.17,0,2478.96,45,12,2024,16,32442.0,12.086939684383774,0,0,0,1,0
955.97,22.42,0,1040.16,25,12,2024,17,23899.0,21.976272881095216,0,1,0,0,0
28.05,25.52,2,3217.69,28,12,2024,18,785.0,-0.7560361625886894,0,1,0,0,0
203.82,31.33,1,1056.78,22,12,2024,19,4484.0,3.2430780294857966,0,1,0,0,0
17.49,46.32,0,1851.28,19,12,2024,20,332.0,-0.8206646212350374,0,1,0,0,0
651.0,0.96,1,9874.63,47,12,2024,21,30597.0,2.098546477184462,0,0,1,0,0
899.05,23.84,1,4496.63,35,12,2024,22,31467.0,5.997907321705366,0,0,1,0,0
251.05,34.39,1,5365.53,13,12,2024,23,3264.0,-0.39167239769417,0,1,0,0,0
927.76,36.14,2,8748.82,28,12,2024,24,25977.0,1.9692004178849265,0,0,0,1,0
69.66,34.63,1,9956.13,22,12,2024,25,1533.0,-0.8460245095232786,1,0,0,0,0
935.09,6.72,0,5868.87,41,12,2024,26,38339.0,5.532603380207775,1,0,0,0,0
358.11,14.97,1,8143.49,29,12,2024,27,10385.0,0.2752517655206797,0,0,0,1,0
110.41,17.94,0,3336.72,47,12,2024,28,5189.0,0.5551199980819488,0,1,0,0,0
491.01,40.22,1,3126.87,19,12,2024,29,9329.0,1.983494676785412,0,0,1,0,0
264.21,13.94,0,4086.77,21,12,2024,30,5548.0,0.357551318033557,1,0,0,0,0
292.02,10.54,0,6757.82,38,12,2024,31,11097.0,0.6420975995217393,0,0,0,0,1
314.22,47.87,1,6853.7,46,1,2025,1,14454.0,1.1089338605424808,0,0,0,0,1
805.0,0.44,1,3220.87,25,1,2025,2,20125.0,5.248311791534586,0,0,0,1,0
543.77,49.89,0,1418.78,15,1,2025,3,8157.0,4.749305741552602,0,1,0,0,0
318.19,33.84,2,6360.72,19,1,2025,4,6046.0,-0.0494786753700839,1,0,0,0,0
614.23,41.42,1,1370.43,26,1,2025,5,15970.0,10.65327670877024,0,1,0,0,0
718.99,14.73,2,5827.08,36,1,2025,6,25884.0,3.442018987211433,1,0,0,0,0
279.9,0.72,1,6964.88,26,1,2025,7,7277.0,0.0448134066918597,0,0,0,1,0
419.41,36.89,1,7036.05,31,1,2025,8,13002.0,0.8479118255271068,0,0,0,1,0
130.67,41.71,1,7559.37,31,1,2025,9,4051.0,-0.4641087815519018,0,0,0,0,1
189.34,37.02,1,8741.31,25,1,2025,10,4734.0,-0.4584335757455118,0,1,0,0,0
684.31,7.14,2,5049.59,27,1,2025,11,18476.0,2.6589109214807536,0,0,0,0,1
189.62,37.67,1,7329.47,31,1,2025,12,5878.0,-0.1980320541594413,0,1,0,0,0
529.91,38.45,0,6229.81,24,1,2025,13,12718.0,1.041474780129731,0,0,0,0,1
711.96,32.93,0,1947.74,27,1,2025,14,19223.0,8.869387084518467,0,0,1,0,0
115.81,38.31,2,354.33,36,1,2025,15,4169.0,10.765867976180395,0,0,1,0,0
571.64,42.3,1,2916.96,15,1,2025,16,8575.0,1.9397043497339697,0,0,1,0,0
264.0,30.68,0,4486.03,26,1,2025,17,6864.0,0.530083392219847,0,0,1,0,0
963.3,4.43,2,6209.35,31,1,2025,18,29862.0,3.809199030494335,1,0,0,0,0
488.71,24.38,1,8514.6,43,1,2025,19,21015.0,1.4681135931224014,0,0,1,0,0
807.93,3.88,0,2042.83,24,1,2025,20,19390.0,8.49173450556336,0,0,0,1,0
554.72,20.38,0,1342.94,15,1,2025,21,8321.0,5.196107048714015,0,0,0,1,0
52.98,20.36,2,9638.45,25,1,2025,22,1324.0,-0.8626335147248779,1,0,0,0,0
636.82,3.3,1,1169.64,32,1,2025,23,20378.0,16.422454772408603,0,0,1,0,0
951.89,17.44,1,4837.06,36,1,2025,24,34268.0,6.084468664850135,0,0,1,0,0
605.6,5.55,0,5897.08,33,1,2025,25,19985.0,2.388965386258962,0,0,1,0,0
821.0,40.41,0,5459.61,17,1,2025,26,13957.0,1.5564097069204577,0,0,0,0,1
885.36,47.38,0,951.72,39,1,2025,27,34529.0,35.28062875635691,0,1,0,0,0
235.8,3.62,1,664.57,40,1,2025,28,9432.0,13.192635839715908,0,0,0,0,1
219.92,47.76,2,1144.29,36,1,2025,29,7917.0,5.918700679023674,0,1,0,0,0
614.87,26.13,2,5897.32,29,1,2025,30,17831.0,2.0235768111616803,0,0,1,0,0
416.92,14.98,1,5489.01,28,1,2025,31,11674.0,1.1267951780011332,0,0,1,0,0
841.46,3.84,2,2414.03,37,2,2025,1,31134.0,11.897105669772124,0,0,0,0,1
901.02,25.03,0,6413.96,34,2,2025,2,30635.0,3.776300444655096,0,0,0,0,1
359.89,39.73,2,8218.67,36,2,2025,3,12956.0,0.5764107817931612,0,1,0,0,0
244.5,35.35,2,511.63,30,2,2025,4,7335.0,13.336532259640755,0,0,0,1,0
782.72,2.51,2,5031.49,24,2,2025,5,18785.0,2.733486502010339,0,1,0,0,0
282.06,3.65,0,6924.17,28,2,2025,6,7898.0,0.1406421275040907,0,0,0,0,1
824.39,20.14,1,2597.89,31,2,2025,7,25556.0,8.837214046784121,0,0,0,0,1
429.5,14.76,0,3146.93,41,2,2025,8,17610.0,4.595930001620627,1,0,0,0,0
670.87,11.62,1,6175.02,21,2,2025,9,14088.0,1.2814501005664758,0,0,0,0,1
104.58,14.05,1,8989.56,18,2,2025,10,1882.0,-0.7906460382933092,1,0,0,0,0
627.62,40.17,1,8118.25,21,2,2025,11,13180.0,0.623502602161796,0,0,0,1,0
457.25,46.46,2,5872.99,28,2,2025,12,12803.0,1.1799798739653908,0,1,0,0,0
590.74,20.26,2,7329.2,27,2,2025,13,15950.0,1.1762266004475248,0,1,0,0,0
176.33,45.31,1,3711.74,27,2,2025,14,4761.0,0.2826868261246748,1,0,0,0,0
739.51,16.07,1,6445.56,28,2,2025,15,20706.0,2.212443914880941,0,1,0,0,0
864.17,23.82,2,4715.2,35,2,2025,16,30246.0,5.414574143196471,0,0,0,0,1
224.57,11.3,0,1980.37,20,2,2025,17,4491.0,1.267758045213773,0,0,1,0,0
104.76,32.02,1,7047.21,34,2,2025,18,3562.0,-0.4945517445911219,1,0,0,0,0
33.4,48.95,0,5609.0,31,2,2025,19,1035.0,-0.815475129256552,0,1,0,0,0
645.55,30.17,2,3650.35,34,2,2025,20,21949.0,5.012848083060529,1,0,0,0,0
611.02,17.89,1,9122.26,38,2,2025,21,23219.0,1.5453122362221643,1,0,0,0,0
551.23,32.39,0,307.25,30,2,2025,22,16537.0,52.82262001627339,0,0,1,0,0
239.63,6.15,0,3226.15,25,2,2025,23,5991.0,0.8570122281976968,0,0,0,0,1
397.0,44.43,0,663.13,28,2,2025,24,11116.0,15.762927329482908,1,0,0,0,0
598.53,25.15,2,7688.62,40,2,2025,25,23941.0,2.113822766634325,0,1,0,0,0
501.8,22.47,2,7050.86,25,2,2025,26,12545.0,0.7792155850491997,0,0,0,1,0
987.91,29.29,0,3380.39,22,2,2025,27,21734.0,5.429435656832496,1,0,0,0,0
145.08,31.24,0,6789.06,28,2,2025,28,4062.0,-0.4016844747284602,1,0,0,0,0
698.19,3.59,2,4019.78,24,3,2025,1,16757.0,3.168636094512635,0,0,1,0,0
410.28,34.13,0,7586.91,32,3,2025,2,13129.0,0.730480525009523,0,0,0,0,1
433.92,12.1,0,4596.42,15,3,2025,3,6509.0,0.416102096849287,0,0,0,1,0
720.42,35.7,2,4181.57,32,3,2025,4,23053.0,4.513001097673841,0,1,0,0,0
695.51,41.13,0,9353.83,37,3,2025,5,25734.0,1.7511725143604278,0,0,0,1,0
991.34,40.2,0,2583.7,31,3,2025,6,30732.0,10.894569802995704,0,1,0,0,0
137.11,27.63,0,1292.43,27,3,2025,7,3702.0,1.8643717648151157,0,0,0,0,1
113.07,26.01,2,5886.98,19,3,2025,8,2148.0,-0.6351270090946461,0,1,0,0,0
727.1,7.14,0,9696.29,31,3,2025,9,22540.0,1.3246004399620883,0,0,1,0,0
582.6,38.77,2,3840.61,32,3,2025,10,18643.0,3.854176810454589,0,0,1,0,0
281.42,13.57,2,714.16,23,3,2025,11,6473.0,8.06379522796012,0,0,1,0,0
88.63,24.83,1,3459.12,24,3,2025,12,2127.0,-0.3851037258030944,0,0,1,0,0
94.8,14.21,1,5108.72,36,3,2025,13,3413.0,-0.3319265882647708,0,0,0,1,0
895.25,6.69,0,1703.04,31,3,2025,14,27753.0,15.296152762119505,0,0,0,0,1
199.95,31.48,2,6615.21,36,3,2025,15,7198.0,0.0880984881810252,0,1,0,0,0
330.14,2.72,1,9977.72,34,3,2025,16,11225.0,0.125006514514338,0,1,0,0,0
234.39,37.43,0,4572.22,28,3,2025,17,6563.0,0.4354077450341408,0,0,1,0,0
361.45,15.88,1,3611.81,32,3,2025,18,11566.0,2.2022725447905622,0,0,1,0,0
78.73,0.01,1,4066.97,37,3,2025,19,2913.0,-0.2837419503955032,1,0,0,0,0
523.87,25.56,2,1239.95,34,3,2025,20,17812.0,13.365095366748658,0,0,0,0,1
76.94,2.34,2,8844.41,36,3,2025,21,2770.0,-0.6868078255078631,0,0,0,1,0
802.35,13.81,1,4206.77,18,3,2025,22,14442.0,2.433037698757003,0,1,0,0,0
241.37,35.35,1,3934.02,29,3,2025,23,7000.0,0.779350384593876,1,0,0,0,0
544.61,3.13,2,6630.93,22,3,2025,24,11981.0,0.8068355419224753,1,0,0,0,0
881.28,41.97,0,4476.13,45,3,2025,25,39658.0,7.859885660157324,0,1,0,0,0
654.37,0.19,2,6517.51,33,3,2025,26,21594.0,2.3132285182531365,0,0,0,1,0
537.63,12.34,1,708.32,33,3,2025,27,17742.0,24.04800090354642,1,0,0,0,0
331.09,37.05,0,8155.86,40,3,2025,28,13244.0,0.6238630873997347,1,0,0,0,0
339.67,15.81,1,9410.99,30,3,2025,29,10190.0,0.0827766260510318,0,0,0,0,1
672.79,5.09,0,6522.78,39,3,2025,30,26239.0,3.022671314991461,0,0,0,1,0
994.2,18.01,1,9550.2,28,3,2025,31,27838.0,1.914912776695776,1,0,0,0,0
665.22,13.52,0,1599.18,30,4,2025,1,19957.0,11.479520754386623,0,0,0,1,0
562.21,42.14,0,4826.42,30,4,2025,2,16866.0,2.494515603697979,0,1,0,0,0
733.34,15.67,1,6057.89,37,4,2025,3,27134.0,3.479117316425356,0,0,1,0,0
470.55,39.45,0,5859.19,31,4,2025,4,14587.0,1.48959327142489,1,0,0,0,0
69.54,44.59,2,4074.47,33,4,2025,5,2295.0,-0.4367365571473099,0,0,0,0,1
566.67,21.69,1,3447.04,18,4,2025,6,10200.0,1.9590605272929815,0,1,0,0,0
958.05,45.5,2,1355.56,31,4,2025,7,29700.0,20.90976423028121,0,0,0,1,0
183.55,18.87,1,3978.25,31,4,2025,8,5690.0,0.430277131904732,0,1,0,0,0
693.1,48.2,0,1710.34,25,4,2025,9,17328.0,9.131318919045336,1,0,0,0,0
208.92,4.46,0,7370.22,22,4,2025,10,4596.0,-0.3764093880508316,0,0,0,1,0
540.47,34.35,0,2167.43,27,4,2025,11,14593.0,5.732858731308508,0,0,1,0,0
105.71,24.69,1,679.8,19,4,2025,12,2008.0,1.9538099441012065,0,1,0,0,0
455.87,19.38,2,5568.42,28,4,2025,13,12764.0,1.292212153537269,1,0,0,0,0
758.6,31.64,2,5992.77,34,4,2025,14,25792.0,3.3038528093018757,0,0,0,0,1
354.1,35.19,1,8731.94,28,4,2025,15,9915.0,0.1354865012815021,0,0,0,1,0
668.26,0.22,1,5812.12,23,4,2025,16,15370.0,1.6444739613084385,0,1,0,0,0
797.5,8.35,2,3520.26,23,4,2025,17,18342.0,4.210410594671984,0,1,0,0,0
927.91,35.65,2,8049.82,28,4,2025,18,25981.0,2.227525584423006,0,0,1,0,0
242.3,33.32,2,5448.76,22,4,2025,19,5331.0,-0.0216122567336421,0,0,1,0,0
405.32,48.3,2,884.87,36,4,2025,20,14592.0,15.490557935063906,0,0,0,0,1
160.89,38.05,1,5701.92,36,4,2025,21,5792.0,0.0157981872772679,0,0,0,0,1
992.56,47.54,1,9089.38,40,4,2025,22,39702.0,3.367954689978855,1,0,0,0,0
927.73,35.13,0,4023.49,19,4,2025,23,17627.0,3.3810224456876994,1,0,0,0,0
544.56,14.9,2,3033.63,33,4,2025,24,17970.0,4.923596483420852,0,0,0,0,1
843.61,5.27,0,1520.35,31,4,2025,25,26152.0,16.20130233169994,0,0,0,0,1
525.75,39.09,1,1599.31,29,4,2025,26,15247.0,8.533486315973764,0,0,0,1,0
627.35,32.21,1,4384.44,29,4,2025,27,18193.0,3.149446679621571,0,0,1,0,0
98.23,2.41,0,5997.23,31,4,2025,28,3045.0,-0.4922655959501302,1,0,0,0,0
757.72,18.0,2,898.09,26,4,2025,29,19701.0,20.93655424289325,0,0,1,0,0
136.44,47.84,2,9401.73,34,4,2025,30,4639.0,-0.5065801719470778,0,0,1,0,0
827.81,25.02,2,7575.82,32,5,2025,1,26490.0,2.4966511875942143,0,0,0,0,1
784.21,21.64,2,5907.58,20,5,2025,2,15684.0,1.6548942206453403,0,0,0,1,0
711.66,22.88,0,8301.54,33,5,2025,3,23485.0,1.8289931747603452,0,1,0,0,0
45.8,10.44,0,893.85,34,5,2025,4,1557.0,0.741903003859708,0,0,0,1,0
310.1,18.44,1,4820.7,35,5,2025,5,10854.0,1.2515402327462817,0,0,0,1,0
270.48,18.49,2,6337.92,35,5,2025,6,9467.0,0.4937077148338887,0,0,1,0,0
366.54,2.62,2,8303.66,29,5,2025,7,10630.0,0.2801583879879475,0,0,0,1,0
96.77,38.38,2,7856.35,27,5,2025,8,2613.0,-0.6674028015554297,1,0,0,0,0
937.59,20.83,0,2842.99,29,5,2025,9,27190.0,8.563874653094103,0,0,1,0,0
558.26,41.11,2,9414.71,20,5,2025,10,11165.0,0.185910134247364,1,0,0,0,0
312.47,42.52,0,1331.02,39,5,2025,11,12186.0,8.155384592267584,0,1,0,0,0
403.01,10.6,2,8763.82,39,5,2025,12,15717.0,0.7933960304981161,0,0,1,0,0
452.73,32.87,2,9712.31,21,5,2025,13,9507.0,-0.0211391522717046,0,1,0,0,0
604.59,23.61,1,1853.82,37,5,2025,14,22370.0,11.066975218737529,0,0,1,0,0
520.52,44.01,2,7248.45,25,5,2025,15,13013.0,0.7952803702860612,0,0,0,0,1
920.2,10.79,2,498.83,29,5,2025,16,26686.0,52.497183409177474,0,0,0,1,0
501.99,33.89,1,4113.69,24,5,2025,17,12048.0,1.928757392997528,0,0,0,0,1
992.24,30.39,0,5211.2,37,5,2025,18,36713.0,6.045018421860608,0,1,0,0,0
852.91,14.77,0,5848.39,28,5,2025,19,23881.0,3.083346014886148,0,0,0,1,0
216.43,6.83,2,9365.78,32,5,2025,20,6926.0,-0.2604993924691804,0,0,1,0,0
931.29,32.58,0,6755.28,38,5,2025,21,35389.0,4.238716973981834,0,0,0,1,0
125.2,36.93,2,4864.65,40,5,2025,22,5008.0,0.0294676903785473,1,0,0,0,0
819.28,15.78,1,8115.78,23,5,2025,23,18843.0,1.3217731382565818,0,0,0,1,0
386.82,32.24,1,9510.27,28,5,2025,24,10831.0,0.13887408033631,1,0,0,0,0
879.19,19.76,2,318.45,27,5,2025,25,23738.0,73.54231433506045,0,0,0,1,0
869.38,35.66,1,9826.96,27,5,2025,26,23473.0,1.3886329037667806,1,0,0,0,0
807.87,9.96,1,952.71,26,5,2025,27,21005.0,21.047632542956407,0,1,0,0,0
792.13,44.51,2,8162.43,42,5,2025,28,33269.0,3.07586956335307,0,0,0,0,1
311.63,14.37,2,2875.31,26,5,2025,29,8102.0,1.8177831259933717,0,0,1,0,0
90.11,18.39,1,1408.58,32,5,2025,30,2884.0,1.0474520439023698,0,0,0,1,0
408.95,2.9,0,4454.57,39,5,2025,31,15949.0,2.580368026543528,0,0,0,0,1
181.79,5.58,0,6475.17,18,6,2025,1,3272.0,-0.4946850816272005,0,0,1,0,0
698.0,25.79,2,3871.42,29,6,2025,2,20242.0,4.228572461784048,0,0,1,0,0
352.64,13.38,2,640.2,18,6,2025,3,6348.0,8.915651358950328,1,0,0,0,0
975.85,41.77,0,6034.67,38,6,2025,4,37082.0,5.144826477669865,0,1,0,0,0
644.56,0.73,1,9033.79,33,6,2025,5,21270.0,1.3544935182243552,0,1,0,0,0
824.26,18.95,0,3893.83,23,6,2025,6,18958.0,3.868728218746067,0,0,0,0,1
141.2,16.87,0,2241.69,30,6,2025,7,4236.0,0.889645758334114,0,1,0,0,0
863.39,0.97,0,4481.52,26,6,2025,8,22448.0,4.009014798550491,0,0,0,1,0
923.53,6.22,0,578.79,42,6,2025,9,38788.0,66.01567062319667,0,1,0,0,0
492.19,20.68,2,8222.83,32,6,2025,10,15750.0,0.9153989563203908,0,0,0,0,1
610.19,24.64,2,8280.77,25,6,2025,11,15255.0,0.842219986788668,0,1,0,0,0
767.16,20.21,1,5921.2,22,6,2025,12,16878.0,1.8504357224886847,0,0,0,1,0
183.09,26.55,1,3595.72,35,6,2025,13,6408.0,0.7821187411700579,1,0,0,0,0
507.54,29.76,1,8017.86,22,6,2025,14,11166.0,0.3926409291257268,0,0,0,0,1
404.68,0.5,1,5591.4,30,6,2025,15,12140.0,1.1711914726186643,1,0,0,0,0
154.91,23.2,0,8276.73,39,6,2025,16,6041.0,-0.2701223792488095,1,0,0,0,0
373.86,48.17,2,6351.44,34,6,2025,17,12711.0,1.001278450241205,1,0,0,0,0
77.49,25.95,2,7865.61,32,6,2025,18,2480.0,-0.6847034114328069,0,0,1,0,0
35.55,33.88,1,6025.77,33,6,2025,19,1173.0,-0.8053360815298294,0,0,1,0,0
143.81,15.59,1,4200.0,26,6,2025,20,3739.0,-0.1097619047619047,1,0,0,0,0
963.48,38.7,0,9583.66,26,6,2025,21,25050.0,1.613823946175052,0,0,0,0,1
554.03,38.65,0,5457.03,31,6,2025,22,17175.0,2.147316397380993,0,0,0,1,0
966.16,26.06,1,6090.39,28,6,2025,23,27052.0,3.441751677642975,0,0,0,1,0
438.17,48.8,2,2282.83,29,6,2025,24,12707.0,4.566336520897307,0,1,0,0,0
318.7,6.28,2,6293.94,27,6,2025,25,8605.0,0.367188120636676,0,0,0,0,1
511.08,0.85,2,5758.92,24,6,2025,26,12266.0,1.1299132476228182,0,0,1,0,0
445.12,38.51,1,1929.9,27,6,2025,27,12018.0,5.2272656614332345,1,0,0,0,0
114.61,40.36,2,689.91,40,6,2025,28,4584.0,5.644344914554073,0,1,0,0,0
644.42,6.01,0,6083.16,32,6,2025,29,20621.0,2.38985001216473,0,0,0,1,0
223.88,13.28,0,7660.55,31,6,2025,30,6940.0,-0.0940598259916063,0,0,1,0,0
623.39,0.88,1,5281.67,38,7,2025,1,23689.0,3.485134436645985,0,0,1,0,0
653.7,14.67,0,2345.05,36,7,2025,2,23533.0,9.03518048655679,1,0,0,0,0
160.5,38.66,1,6698.57,36,7,2025,3,5778.0,-0.1374278390761013,0,0,0,1,0
70.74,25.9,2,893.05,22,7,2025,4,1556.0,0.7423436537707856,0,0,0,0,1
782.95,17.4,2,4474.15,27,7,2025,5,21140.0,3.7249198171719766,0,0,1,0,0
465.2,18.59,2,1717.33,31,7,2025,6,14421.0,7.397337727751801,1,0,0,0,0
67.58,0.07,0,1926.14,24,7,2025,7,1622.0,-0.1579012948176145,0,0,0,0,1
994.92,14.99,1,2102.71,38,7,2025,8,37807.0,16.980130403146415,0,0,0,1,0
67.2,32.32,2,3928.4,35,7,2025,9,2352.0,-0.4012829650748396,0,0,1,0,0
698.08,48.71,1,606.39,32,7,2025,10,22339.0,35.83932782532694,0,0,0,0,1
983.84,42.35,2,4038.16,27,7,2025,11,26564.0,5.578243556471264,0,0,0,0,1
246.79,1.18,0,5165.9,38,7,2025,12,9378.0,0.8153661511062933,0,0,0,0,1
150.83,44.93,0,4884.61,11,7,2025,13,1659.0,-0.6603618303201279,0,0,1,0,0
130.17,39.16,1,3889.56,32,7,2025,14,4165.0,0.0708152078898384,0,0,1,0,0
310.24,39.02,0,8407.55,26,7,2025,15,8066.0,-0.0406242008670777,0,1,0,0,0
110.04,22.9,0,1538.73,23,7,2025,16,2531.0,0.6448629714114886,0,0,0,1,0
695.24,19.9,1,5106.4,37,7,2025,17,25724.0,4.037599874667085,1,0,0,0,0
71.67,15.15,2,714.21,31,7,2025,18,2222.0,2.111129779756654,0,0,0,0,1
514.33,3.28,0,804.44,20,7,2025,19,10287.0,11.7877778330267,0,1,0,0,0
996.73,11.41,1,5781.27,24,7,2025,20,23922.0,3.1378451447519318,1,0,0,0,0
815.83,12.33,0,5703.58,33,7,2025,21,26922.0,3.72019328211404,0,1,0,0,0
619.07,24.2,0,8792.53,25,7,2025,22,15477.0,0.7602442072986955,0,0,1,0,0
313.19,37.37,0,5622.95,20,7,2025,23,6264.0,0.1140059932953343,0,0,0,0,1
627.66,23.69,0,9601.93,35,7,2025,24,21968.0,1.2878733754568092,1,0,0,0,0
531.77,2.89,1,582.08,41,7,2025,25,21803.0,36.45705057724024,1,0,0,0,0
431.82,47.89,1,1070.28,25,7,2025,26,10796.0,9.087080016444297,1,0,0,0,0
139.4,47.14,1,536.25,35,7,2025,27,4879.0,8.098368298368298,1,0,0,0,0
887.74,39.26,0,1934.24,40,7,2025,28,35510.0,17.35863181404583,1,0,0,0,0
455.29,49.57,0,5458.57,28,7,2025,29,12748.0,1.335410189848257,0,1,0,0,0
202.68,27.22,0,6491.16,22,7,2025,30,4459.0,-0.3130657694464471,0,0,0,0,1
374.08,48.14,1,551.29,20,7,2025,31,7482.0,12.571804313519202,0,0,1,0,0
419.99,3.78,0,9465.11,31,8,2025,1,13020.0,0.3755783081232018,0,0,1,0,0
829.26,18.28,2,8437.44,20,8,2025,2,16585.0,0.9656436075397276,0,0,1,0,0
736.28,11.27,0,3036.46,21,8,2025,3,15462.0,4.092113843093602,0,0,1,0,0
771.61,9.79,2,864.16,34,8,2025,4,26235.0,29.358961303462323,0,1,0,0,0
20.92,7.04,0,1781.88,25,8,2025,5,523.0,-0.7064897748445462,0,0,0,1,0
421.99,31.12,1,1356.75,42,8,2025,6,17724.0,12.063571033720288,0,0,0,0,1
486.53,39.07,0,1320.51,19,8,2025,7,9244.0,6.000325631763485,1,0,0,0,0
29.0,28.91,2,5233.76,38,8,2025,8,1102.0,-0.7894439179480909,0,0,0,1,0
267.22,7.35,2,2533.89,28,8,2025,9,7482.0,1.9527722197885469,0,0,1,0,0
762.69,40.56,0,3645.58,41,8,2025,10,31270.0,7.577510300144284,0,0,0,1,0
145.74,31.8,2,9896.1,15,8,2025,11,2186.0,-0.7791048999100656,0,0,0,0,1
539.96,19.41,2,6874.71,29,8,2025,12,15659.0,1.277768807702434,1,0,0,0,0
223.05,33.71,1,9494.91,28,8,2025,13,6245.0,-0.3422791790548831,1,0,0,0,0
22.0,13.0,0,1511.31,23,8,2025,14,506.0,-0.665191125579795,0,0,0,0,1
248.79,17.26,0,3883.18,20,8,2025,15,4976.0,0.2814239875565902,0,0,0,0,1
976.12,45.87,0,5591.84,33,8,2025,16,32212.0,4.760536782168303,0,0,1,0,0
803.52,14.53,2,859.9,38,8,2025,17,30534.0,34.50878009070822,1,0,0,0,0
959.98,23.5,0,141.46,18,8,2025,18,17280.0,121.15467269899618,0,0,0,1,0
492.98,44.51,0,6737.3,28,8,2025,19,13803.0,1.0487435619610228,0,1,0,0,0
118.64,35.39,1,6454.01,26,8,2025,20,3085.0,-0.5220025999339946,0,1,0,0,0
552.48,3.11,1,4166.81,30,8,2025,21,16574.0,2.97762316976296,0,0,0,0,1
459.83,7.37,1,4947.48,27,8,2025,22,12415.0,1.5093582995787758,0,0,1,0,0
845.91,0.39,2,4212.89,38,8,2025,23,32145.0,6.630154122229633,0,1,0,0,0
107.1,31.55,0,337.65,23,8,2025,24,2463.0,6.294535761883608,1,0,0,0,0
493.36,22.38,1,3420.18,35,8,2025,25,17268.0,4.048857077697665,0,0,0,0,1
158.55,6.71,1,1853.11,31,8,2025,26,4915.0,1.6522980287192883,0,0,0,1,0
331.43,47.9,1,1074.4,26,8,2025,27,8617.0,7.020290394638868,0,0,0,0,1
739.98,26.48,0,9571.53,19,8,2025,28,14060.0,0.4689396575051218,0,0,0,1,0
481.26,12.09,0,6033.66,27,8,2025,29,12994.0,1.1535850545108608,0,0,0,0,1
382.13,25.03,0,7313.7,26,8,2025,30,9935.0,0.3584095601405582,0,0,0,0,1
400.53,33.98,2,3222.1,30,8,2025,31,12016.0,2.7292449023928493,0,0,0,0,1
464.85,3.81,2,3992.16,23,9,2025,1,10692.0,1.678249368762775,0,0,0,1,0
787.17,13.74,1,2445.55,19,9,2025,2,14956.0,5.115597718304676,0,0,0,1,0
893.16,40.35,0,1059.96,29,9,2025,3,25902.0,23.436771198913167,0,0,0,0,1
955.78,22.98,1,1872.41,27,9,2025,4,25806.0,12.78223786457026,0,1,0,0,0
789.03,27.33,0,7995.39,43,9,2025,5,33928.0,3.2434452853456803,0,0,1,0,0
322.25,21.64,0,6807.7,30,9,2025,6,9668.0,0.4201565873936866,0,0,1,0,0
691.25,2.19,0,5514.6,46,9,2025,7,31798.0,4.766148043375766,0,0,1,0,0
443.23,8.29,2,4803.39,36,9,2025,8,15956.0,2.321820630846132,0,0,0,1,0
262.12,22.28,2,9232.1,32,9,2025,9,8388.0,-0.0914309853662764,0,0,0,1,0
842.46,10.46,0,820.08,23,9,2025,10,19377.0,22.62818261633011,0,1,0,0,0
48.04,2.5,1,2877.95,21,9,2025,11,1009.0,-0.649403221042756,0,0,1,0,0
902.74,42.18,0,3564.38,36,9,2025,12,32499.0,8.117714721774895,0,0,1,0,0
466.86,49.06,0,7846.02,23,9,2025,13,10738.0,0.3685919740199488,0,0,0,0,1
640.83,39.66,1,9925.89,34,9,2025,14,21788.0,1.195067646326929,0,0,0,1,0
662.76,42.69,0,2482.64,21,9,2025,15,13918.0,4.606128959494732,0,0,1,0,0
896.17,12.1,1,8755.64,23,9,2025,16,20612.0,1.3541397316472583,0,1,0,0,0
640.3,48.03,2,8323.17,33,9,2025,17,21130.0,1.5386961938780537,0,1,0,0,0
617.79,9.85,2,2324.11,26,9,2025,18,16063.0,5.911462882565798,0,0,1,0,0
75.99,47.57,1,4053.39,42,9,2025,19,3192.0,-0.2125110093033238,0,0,0,1,0
523.22,49.74,2,4155.76,35,9,2025,20,18313.0,3.40665485976091,0,1,0,0,0
158.67,35.59,2,9784.38,26,9,2025,21,4125.0,-0.578409669289214,0,0,0,0,1
740.06,49.06,1,1890.83,34,9,2025,22,25162.0,12.307383529984186,0,1,0,0,0
517.1,28.48,2,8011.66,21,9,2025,23,10859.0,0.3553995052211402,1,0,0,0,0
683.43,12.98,0,3408.51,19,9,2025,24,12985.0,2.8095824861889795,1,0,0,0,0
51.26,21.85,0,7335.62,26,9,2025,25,1333.0,-0.8182839351002369,0,0,0,1,0
93.94,29.68,1,4258.11,39,9,2025,26,3664.0,-0.1395243429596698,0,0,1,0,0
