Date,Product_Category,Price,Discount,Customer_Segment,Marketing_Spend,Units_Sold,Month,year,Day,unit_price
2023-01-01,Sports,932.8,35.82,Occasional,6780.38,32,1,2023,1,29.0
2023-01-02,Toys,569.48,3.6,Premium,6807.56,16,1,2023,2,36.0
2023-01-03,Home Decor,699.68,3.56,Premium,3793.91,27,1,2023,3,26.0
2023-01-04,Toys,923.27,0.61,Premium,9422.75,29,1,2023,4,32.0
2023-01-05,Toys,710.17,47.83,Premium,1756.83,17,1,2023,5,42.0
2023-01-06,Fashion,161.01,36.88,Premium,5053.56,27,1,2023,6,6.0
2023-01-07,Home Decor,580.53,17.66,Occasional,6939.75,30,1,2023,7,19.0
2023-01-08,Home Decor,610.65,14.83,Regular,7001.64,27,1,2023,8,23.0
2023-01-09,Home Decor,429.89,17.49,Occasional,6521.53,32,1,2023,9,13.0
2023-01-10,Toys,739.08,38.73,Regular,2825.35,28,1,2023,10,26.0
2023-01-11,Sports,935.02,33.07,Premium,1646.45,26,1,2023,11,36.0
2023-01-12,Home Decor,926.31,9.26,Regular,6395.81,26,1,2023,12,36.0
2023-01-13,Toys,456.33,8.71,Occasional,6033.09,37,1,2023,13,12.0
2023-01-14,Fashion,122.11,4.92,Occasional,1875.62,28,1,2023,14,4.0
2023-01-15,Sports,984.99,33.02,Regular,7080.88,27,1,2023,15,36.0
2023-01-16,Fashion,840.51,38.22,Premium,4606.2,32,1,2023,16,26.0
2023-01-17,Sports,133.42,13.25,Premium,6710.83,20,1,2023,17,7.0
2023-01-18,Toys,921.63,1.05,Occasional,8389.93,35,1,2023,18,26.0
2023-01-19,Electronics,871.2,4.11,Regular,1780.31,23,1,2023,19,38.0
2023-01-20,Sports,523.65,48.39,Premium,289.53,17,1,2023,20,31.0
2023-01-21,Fashion,595.36,14.77,Premium,7813.12,23,1,2023,21,26.0
2023-01-22,Toys,405.01,38.46,Occasional,6136.0,24,1,2023,22,17.0
2023-01-23,Sports,64.21,31.23,Premium,7026.43,35,1,2023,23,2.0
2023-01-24,Electronics,341.85,19.1,Regular,8397.73,32,1,2023,24,11.0
2023-01-25,Electronics,804.82,10.28,Occasional,8047.83,34,1,2023,25,24.0
2023-01-26,Home Decor,14.59,6.07,Occasional,9613.11,29,1,2023,26,1.0
2023-01-27,Home Decor,340.16,30.75,Regular,5405.76,25,1,2023,27,14.0
2023-01-28,Fashion,404.19,38.73,Occasional,4936.11,29,1,2023,28,14.0
2023-01-29,Sports,542.02,32.2,Premium,4078.68,29,1,2023,29,19.0
2023-01-30,Sports,920.66,26.52,Premium,1621.54,25,1,2023,30,37.0
2023-01-31,Home Decor,352.88,2.1,Regular,5768.81,37,1,2023,31,10.0
2023-02-01,Sports,353.48,48.42,Premium,2842.42,19,2,2023,1,19.0
2023-02-02,Sports,740.13,39.94,Regular,9220.94,26,2,2023,2,28.0
2023-02-03,Electronics,457.7,14.64,Regular,5873.59,30,2,2023,3,15.0
2023-02-04,Home Decor,232.36,49.0,Premium,5969.12,34,2,2023,4,7.0
2023-02-05,Toys,457.92,30.09,Regular,3613.75,32,2,2023,5,14.0
2023-02-06,Home Decor,149.45,29.12,Premium,614.69,30,2,2023,6,5.0
2023-02-07,Toys,184.62,37.4,Occasional,414.26,35,2,2023,7,5.0
2023-02-08,Electronics,503.38,40.59,Occasional,4291.02,26,2,2023,8,19.0
2023-02-09,Fashion,424.74,32.82,Regular,937.2,34,2,2023,9,12.0
2023-02-10,Sports,915.7,6.4,Premium,6107.78,38,2,2023,10,24.0
2023-02-11,Electronics,368.77,16.91,Premium,8821.63,43,2,2023,11,9.0
2023-02-12,Sports,584.78,46.4,Occasional,8840.86,24,2,2023,12,24.0
2023-02-13,Fashion,635.94,11.23,Occasional,6624.55,31,2,2023,13,21.0
2023-02-14,Fashion,22.96,18.61,Premium,2191.2,18,2,2023,14,1.0
2023-02-15,Electronics,666.9,21.6,Regular,8643.67,34,2,2023,15,20.0
2023-02-16,Fashion,186.26,21.97,Occasional,8872.33,16,2,2023,16,12.0
2023-02-17,Toys,961.46,30.65,Regular,2046.87,36,2,2023,17,27.0
2023-02-18,Fashion,157.18,47.15,Regular,7400.52,33,2,2023,18,5.0
2023-02-19,Sports,420.48,12.03,Occasional,2936.54,41,2,2023,19,10.0
2023-02-20,Sports,94.5,6.08,Regular,8046.14,31,2,2023,20,3.0
2023-02-21,Sports,996.91,9.87,Regular,9972.66,25,2,2023,21,40.0
2023-02-22,Sports,507.17,44.35,Premium,397.26,36,2,2023,22,14.0
2023-02-23,Toys,599.43,32.29,Regular,8983.92,49,2,2023,23,12.0
2023-02-24,Home Decor,76.41,14.3,Premium,6264.04,23,2,2023,24,3.0
2023-02-25,Electronics,752.46,40.8,Occasional,9736.49,32,2,2023,25,24.0
2023-02-26,Sports,217.81,43.07,Occasional,4703.59,23,2,2023,26,9.0
2023-02-27,Fashion,899.07,42.33,Premium,8489.14,28,2,2023,27,32.0
2023-02-28,Sports,213.09,45.95,Occasional,717.7,34,2,2023,28,6.0
2023-03-01,Fashion,198.78,12.61,Regular,3419.26,24,3,2023,1,8.0
2023-03-02,Fashion,46.18,37.75,Regular,763.46,13,3,2023,2,4.0
2023-03-03,Sports,477.35,23.03,Regular,9755.9,22,3,2023,3,22.0
2023-03-04,Toys,569.19,42.1,Occasional,8188.04,41,3,2023,4,14.0
2023-03-05,Fashion,75.05,36.42,Regular,8540.22,18,3,2023,5,4.0
2023-03-06,Fashion,777.77,38.82,Occasional,9385.86,24,3,2023,6,32.0
2023-03-07,Sports,458.76,32.81,Regular,942.52,27,3,2023,7,17.0
2023-03-08,Fashion,529.15,8.87,Premium,3917.42,27,3,2023,8,20.0
2023-03-09,Fashion,446.36,27.25,Occasional,803.25,39,3,2023,9,11.0
2023-03-10,Sports,406.76,49.23,Occasional,2186.85,37,3,2023,10,11.0
2023-03-11,Sports,564.04,46.87,Regular,2370.72,33,3,2023,11,17.0
2023-03-12,Electronics,163.69,2.16,Occasional,4744.16,24,3,2023,12,7.0
2023-03-13,Toys,190.11,8.24,Occasional,2758.77,34,3,2023,13,6.0
2023-03-14,Toys,863.17,6.59,Premium,1099.68,34,3,2023,14,25.0
2023-03-15,Fashion,946.65,36.3,Premium,1758.16,31,3,2023,15,31.0
2023-03-16,Toys,379.58,40.89,Regular,1558.03,35,3,2023,16,11.0
2023-03-17,Fashion,278.04,10.68,Premium,9733.46,33,3,2023,17,8.0
2023-03-18,Electronics,647.56,25.29,Regular,7617.0,24,3,2023,18,27.0
2023-03-19,Sports,414.65,42.04,Regular,9680.84,23,3,2023,19,18.0
2023-03-20,Sports,35.13,36.64,Regular,4453.43,40,3,2023,20,1.0
2023-03-21,Sports,164.59,27.11,Occasional,2855.85,15,3,2023,21,11.0
2023-03-22,Toys,718.81,29.52,Premium,8003.1,31,3,2023,22,23.0
2023-03-23,Electronics,662.33,25.42,Regular,3329.91,32,3,2023,23,21.0
2023-03-24,Toys,36.83,14.88,Premium,3063.9,39,3,2023,24,1.0
2023-03-25,Toys,229.75,28.25,Regular,2401.81,27,3,2023,25,9.0
2023-03-26,Electronics,238.76,34.44,Premium,1383.82,34,3,2023,26,7.0
2023-03-27,Electronics,675.17,43.67,Premium,2638.98,34,3,2023,27,20.0
2023-03-28,Electronics,29.51,31.81,Regular,3617.67,33,3,2023,28,1.0
2023-03-29,Electronics,113.07,38.06,Occasional,6772.54,34,3,2023,29,3.0
2023-03-30,Sports,801.92,8.0,Premium,719.39,33,3,2023,30,24.0
2023-03-31,Home Decor,186.76,23.08,Occasional,2184.02,25,3,2023,31,7.0
2023-04-01,Home Decor,656.22,0.47,Occasional,8109.33,31,4,2023,1,21.0
2023-04-02,Electronics,245.8,12.33,Regular,1554.53,22,4,2023,2,11.0
2023-04-03,Home Decor,108.45,36.32,Regular,3492.19,35,4,2023,3,3.0
2023-04-04,Home Decor,250.74,49.59,Regular,8660.12,29,4,2023,4,9.0
2023-04-05,Electronics,725.04,4.96,Premium,1633.76,34,4,2023,5,21.0
2023-04-06,Home Decor,857.14,20.07,Regular,919.09,31,4,2023,6,28.0
2023-04-07,Toys,831.92,40.0,Regular,4896.93,27,4,2023,7,31.0
2023-04-08,Fashion,403.21,10.2,Premium,3093.95,31,4,2023,8,13.0
2023-04-09,Fashion,671.4,27.75,Premium,5677.74,28,4,2023,9,24.0
2023-04-10,Electronics,212.93,36.65,Regular,8057.67,37,4,2023,10,6.0
2023-04-11,Sports,300.22,30.8,Regular,1457.77,32,4,2023,11,9.0
2023-04-12,Electronics,897.37,9.4,Regular,5848.92,18,4,2023,12,50.0
2023-04-13,Sports,22.87,17.77,Regular,5104.54,28,4,2023,13,1.0
2023-04-14,Fashion,94.65,39.19,Occasional,1526.38,35,4,2023,14,3.0
2023-04-15,Electronics,215.81,27.71,Occasional,6277.59,35,4,2023,15,6.0
2023-04-16,Toys,36.27,0.26,Regular,2809.04,18,4,2023,16,2.0
2023-04-17,Home Decor,189.62,38.05,Occasional,4929.56,31,4,2023,17,6.0
2023-04-18,Sports,587.21,1.77,Premium,914.5,24,4,2023,18,24.0
2023-04-19,Home Decor,427.21,37.29,Occasional,4649.88,36,4,2023,19,12.0
2023-04-20,Home Decor,893.74,10.12,Occasional,3133.99,22,4,2023,20,41.0
2023-04-21,Electronics,819.27,47.9,Regular,8241.57,29,4,2023,21,28.0
2023-04-22,Home Decor,348.4,18.4,Occasional,664.09,30,4,2023,22,12.0
2023-04-23,Toys,266.83,16.35,Occasional,4244.21,23,4,2023,23,12.0
2023-04-24,Home Decor,385.9,7.44,Occasional,4638.47,22,4,2023,24,18.0
2023-04-25,Electronics,594.39,15.28,Occasional,7277.56,39,4,2023,25,15.0
2023-04-26,Toys,275.38,43.83,Premium,5785.45,19,4,2023,26,14.0
2023-04-27,Fashion,627.91,49.82,Regular,6705.4,28,4,2023,27,22.0
2023-04-28,Home Decor,415.32,18.42,Regular,7792.79,40,4,2023,28,10.0
2023-04-29,Electronics,556.53,22.43,Premium,8635.81,24,4,2023,29,23.0
2023-04-30,Fashion,441.77,36.1,Occasional,3207.37,24,4,2023,30,18.0
2023-05-01,Fashion,301.52,44.31,Premium,5426.42,33,5,2023,1,9.0
2023-05-02,Sports,948.97,29.65,Occasional,8417.07,29,5,2023,2,33.0
2023-05-03,Toys,765.97,19.58,Premium,9895.57,30,5,2023,3,26.0
2023-05-04,Home Decor,148.71,20.63,Regular,8906.24,37,5,2023,4,4.0
2023-05-05,Electronics,869.78,34.78,Regular,3777.53,37,5,2023,5,24.0
2023-05-06,Sports,492.56,0.16,Regular,2032.15,22,5,2023,6,22.0
2023-05-07,Toys,895.61,30.98,Occasional,4944.99,24,5,2023,7,37.0
2023-05-08,Sports,801.86,17.77,Occasional,7442.25,19,5,2023,8,42.0
2023-05-09,Toys,430.96,39.71,Premium,4976.43,22,5,2023,9,20.0
2023-05-10,Toys,32.24,4.65,Premium,4883.49,46,5,2023,10,1.0
2023-05-11,Home Decor,275.99,29.41,Regular,8398.48,34,5,2023,11,8.0
2023-05-12,Toys,546.22,24.05,Occasional,3677.9,30,5,2023,12,18.0
2023-05-13,Sports,637.14,32.12,Premium,8611.97,33,5,2023,13,19.0
2023-05-14,Toys,265.31,3.24,Occasional,4127.37,13,5,2023,14,20.0
2023-05-15,Home Decor,147.96,29.0,Occasional,3349.51,31,5,2023,15,5.0
2023-05-16,Home Decor,836.58,28.07,Regular,4594.5,31,5,2023,16,27.0
2023-05-17,Sports,984.56,28.03,Regular,7648.22,47,5,2023,17,21.0
2023-05-18,Fashion,530.43,30.17,Occasional,1347.42,22,5,2023,18,24.0
2023-05-19,Fashion,179.96,33.82,Occasional,2044.55,49,5,2023,19,4.0
2023-05-20,Toys,279.58,40.25,Occasional,9519.3,24,5,2023,20,12.0
2023-05-21,Electronics,28.21,13.49,Occasional,1837.37,32,5,2023,21,1.0
2023-05-22,Toys,915.16,41.25,Regular,5720.5,35,5,2023,22,26.0
2023-05-23,Sports,126.57,24.91,Premium,5835.21,35,5,2023,23,4.0
2023-05-24,Sports,580.75,3.85,Regular,4947.28,31,5,2023,24,19.0
2023-05-25,Sports,281.31,2.93,Premium,6482.98,34,5,2023,25,8.0
2023-05-26,Sports,558.64,16.71,Occasional,2375.28,22,5,2023,26,25.0
2023-05-27,Sports,654.91,39.24,Premium,5571.36,38,5,2023,27,17.0
2023-05-28,Home Decor,831.44,35.38,Regular,3784.52,29,5,2023,28,29.0
2023-05-29,Fashion,214.36,39.43,Regular,6650.51,41,5,2023,29,5.0
2023-05-30,Sports,20.89,25.86,Occasional,1498.11,24,5,2023,30,1.0
2023-05-31,Electronics,145.52,22.01,Regular,5751.69,36,5,2023,31,4.0
2023-06-01,Electronics,901.02,7.37,Occasional,1934.18,29,6,2023,1,31.0
2023-06-02,Electronics,875.15,16.41,Regular,2858.57,22,6,2023,2,40.0
2023-06-03,Electronics,601.44,21.7,Regular,2265.23,25,6,2023,3,24.0
2023-06-04,Home Decor,604.51,4.43,Occasional,1910.09,28,6,2023,4,22.0
2023-06-05,Electronics,668.39,11.03,Premium,8274.54,34,6,2023,5,20.0
2023-06-06,Sports,183.62,29.91,Regular,2928.5,17,6,2023,6,11.0
2023-06-07,Toys,915.27,36.78,Premium,9278.53,21,6,2023,7,44.0
2023-06-08,Electronics,424.58,49.92,Regular,9702.27,27,6,2023,8,16.0
2023-06-09,Home Decor,389.31,46.66,Regular,5755.48,38,6,2023,9,10.0
2023-06-10,Home Decor,523.73,32.13,Regular,1515.71,26,6,2023,10,20.0
2023-06-11,Electronics,56.5,21.06,Regular,3808.03,23,6,2023,11,2.0
2023-06-12,Toys,174.62,31.81,Premium,7997.55,23,6,2023,12,8.0
2023-06-13,Electronics,740.65,39.28,Premium,3737.17,24,6,2023,13,31.0
2023-06-14,Home Decor,91.97,5.92,Regular,961.47,28,6,2023,14,3.0
2023-06-15,Fashion,607.12,20.5,Regular,5612.17,18,6,2023,15,34.0
2023-06-16,Sports,252.9,41.99,Premium,8466.7,42,6,2023,16,6.0
2023-06-17,Home Decor,395.4,19.19,Occasional,7979.67,45,6,2023,17,9.0
2023-06-18,Electronics,295.81,28.59,Occasional,1833.72,23,6,2023,18,13.0
2023-06-19,Sports,362.12,29.39,Premium,6760.37,38,6,2023,19,10.0
2023-06-20,Electronics,721.86,9.22,Regular,2282.99,22,6,2023,20,33.0
2023-06-21,Electronics,304.15,18.11,Regular,2260.25,43,6,2023,21,7.0
2023-06-22,Fashion,570.74,16.73,Occasional,8753.31,33,6,2023,22,17.0
2023-06-23,Sports,481.29,1.31,Occasional,2571.72,24,6,2023,23,20.0
2023-06-24,Sports,667.03,1.21,Premium,2706.15,25,6,2023,24,27.0
2023-06-25,Fashion,937.46,41.58,Occasional,106.47,37,6,2023,25,25.0
2023-06-26,Home Decor,735.25,13.65,Premium,8719.62,37,6,2023,26,20.0
2023-06-27,Electronics,222.79,25.9,Occasional,7946.69,31,6,2023,27,7.0
2023-06-28,Toys,40.87,14.94,Occasional,6310.56,23,6,2023,28,2.0
2023-06-29,Electronics,269.64,47.03,Occasional,7527.63,34,6,2023,29,8.0
2023-06-30,Electronics,599.13,12.96,Regular,1605.28,38,6,2023,30,16.0
2023-07-01,Home Decor,60.91,21.48,Regular,4637.4,34,7,2023,1,2.0
2023-07-02,Electronics,501.4,43.64,Regular,3577.07,18,7,2023,2,28.0
2023-07-03,Fashion,600.87,42.1,Occasional,1028.39,24,7,2023,3,25.0
2023-07-04,Fashion,340.9,9.31,Premium,4912.69,29,7,2023,4,12.0
2023-07-05,Sports,773.2,40.13,Premium,9215.32,38,7,2023,5,20.0
2023-07-06,Toys,115.53,22.91,Premium,496.59,38,7,2023,6,3.0
2023-07-07,Electronics,84.39,24.15,Premium,2985.46,24,7,2023,7,4.0
2023-07-08,Electronics,730.91,6.67,Regular,2154.66,25,7,2023,8,29.0
2023-07-09,Home Decor,500.54,4.03,Regular,2457.65,34,7,2023,9,15.0
2023-07-10,Fashion,691.52,36.4,Occasional,9093.5,31,7,2023,10,22.0
2023-07-11,Toys,440.48,24.82,Occasional,4733.88,18,7,2023,11,24.0
2023-07-12,Sports,253.94,21.84,Premium,4716.36,39,7,2023,12,7.0
2023-07-13,Fashion,820.91,36.48,Regular,7629.7,26,7,2023,13,32.0
2023-07-14,Sports,801.42,38.28,Premium,1629.47,38,7,2023,14,21.0
2023-07-15,Home Decor,697.75,7.95,Occasional,4923.93,38,7,2023,15,18.0
2023-07-16,Home Decor,279.42,30.51,Occasional,4356.85,26,7,2023,16,11.0
2023-07-17,Electronics,594.33,6.77,Premium,6009.42,20,7,2023,17,30.0
2023-07-18,Toys,367.36,37.57,Occasional,9995.62,38,7,2023,18,10.0
2023-07-19,Sports,100.67,32.85,Premium,7717.54,33,7,2023,19,3.0
2023-07-20,Fashion,918.14,47.83,Regular,4038.87,24,7,2023,20,38.0
2023-07-21,Home Decor,145.45,3.45,Premium,8292.78,31,7,2023,21,5.0
2023-07-22,Electronics,950.73,2.85,Regular,1790.01,32,7,2023,22,30.0
2023-07-23,Electronics,451.55,14.11,Regular,401.59,24,7,2023,23,19.0
2023-07-24,Sports,193.28,13.09,Occasional,2124.04,28,7,2023,24,7.0
2023-07-25,Home Decor,546.48,12.35,Occasional,3470.07,41,7,2023,25,13.0
2023-07-26,Toys,874.22,45.31,Occasional,5154.75,43,7,2023,26,20.0
2023-07-27,Home Decor,734.9,12.48,Premium,6189.78,34,7,2023,27,22.0
2023-07-28,Sports,808.5,13.6,Premium,9115.0,18,7,2023,28,45.0
2023-07-29,Sports,662.2,37.97,Occasional,5147.55,27,7,2023,29,25.0
2023-07-30,Home Decor,695.35,22.49,Premium,5062.63,37,7,2023,30,19.0
2023-07-31,Sports,850.7,38.84,Occasional,597.41,33,7,2023,31,26.0
2023-08-01,Home Decor,257.17,3.27,Premium,445.62,41,8,2023,1,6.0
2023-08-02,Fashion,494.53,24.38,Regular,5556.48,30,8,2023,2,16.0
2023-08-03,Home Decor,229.0,1.68,Regular,4437.97,35,8,2023,3,7.0
2023-08-04,Home Decor,987.79,3.13,Occasional,8407.89,27,8,2023,4,37.0
2023-08-05,Sports,944.62,45.32,Premium,1690.73,39,8,2023,5,24.0
2023-08-06,Sports,49.03,6.96,Premium,347.22,33,8,2023,6,1.0
2023-08-07,Electronics,708.52,26.62,Regular,4545.48,33,8,2023,7,21.0
2023-08-08,Electronics,926.0,20.55,Regular,2451.04,29,8,2023,8,32.0
2023-08-09,Fashion,188.77,17.37,Occasional,591.18,24,8,2023,9,8.0
2023-08-10,Electronics,572.27,44.99,Regular,7273.52,29,8,2023,10,20.0
2023-08-11,Home Decor,916.33,1.09,Occasional,1204.77,29,8,2023,11,32.0
2023-08-12,Sports,43.61,33.19,Regular,6122.36,34,8,2023,12,1.0
2023-08-13,Electronics,700.45,48.17,Regular,2882.39,30,8,2023,13,23.0
2023-08-14,Electronics,304.38,28.01,Premium,1817.61,34,8,2023,14,9.0
2023-08-15,Fashion,925.15,46.84,Regular,3859.54,38,8,2023,15,24.0
2023-08-16,Fashion,971.35,2.61,Regular,8034.31,33,8,2023,16,29.0
2023-08-17,Home Decor,944.82,20.94,Occasional,3981.73,23,8,2023,17,41.0
2023-08-18,Sports,479.47,13.01,Regular,7532.62,29,8,2023,18,17.0
2023-08-19,Fashion,863.42,36.54,Occasional,1342.31,34,8,2023,19,25.0
2023-08-20,Electronics,846.1,49.06,Regular,7750.44,23,8,2023,20,37.0
2023-08-21,Sports,325.91,12.83,Regular,2445.64,44,8,2023,21,7.0
2023-08-22,Sports,830.63,32.71,Occasional,6806.19,23,8,2023,22,36.0
2023-08-23,Electronics,46.64,9.9,Premium,5701.24,38,8,2023,23,1.0
2023-08-24,Fashion,600.31,28.27,Occasional,9298.53,37,8,2023,24,16.0
2023-08-25,Electronics,237.71,23.2,Occasional,3934.49,17,8,2023,25,14.0
2023-08-26,Sports,129.36,48.6,Occasional,755.04,26,8,2023,26,5.0
2023-08-27,Toys,86.18,30.43,Premium,289.64,37,8,2023,27,2.0
2023-08-28,Toys,699.33,17.48,Regular,8285.9,21,8,2023,28,33.0
2023-08-29,Home Decor,346.48,5.7,Occasional,5294.88,29,8,2023,29,12.0
2023-08-30,Electronics,727.52,7.56,Occasional,7774.92,26,8,2023,30,28.0
2023-08-31,Electronics,74.7,11.27,Premium,2420.81,29,8,2023,31,3.0
2023-09-01,Home Decor,322.14,12.55,Occasional,3516.33,33,9,2023,1,10.0
2023-09-02,Home Decor,544.1,42.53,Regular,398.03,29,9,2023,2,19.0
2023-09-03,Home Decor,792.82,28.06,Premium,9618.77,31,9,2023,3,26.0
2023-09-04,Sports,325.56,26.17,Regular,6711.89,30,9,2023,4,11.0
2023-09-05,Electronics,629.63,5.74,Regular,9338.73,35,9,2023,5,18.0
2023-09-06,Sports,887.12,43.01,Premium,2728.41,23,9,2023,6,39.0
2023-09-07,Home Decor,619.7,36.14,Occasional,6153.49,30,9,2023,7,21.0
2023-09-08,Electronics,240.63,3.38,Regular,6817.15,41,9,2023,8,6.0
2023-09-09,Sports,34.16,35.39,Regular,3243.74,19,9,2023,9,2.0
2023-09-10,Sports,871.4,27.18,Regular,8496.28,30,9,2023,10,29.0
2023-09-11,Home Decor,31.06,4.09,Regular,9476.9,29,9,2023,11,1.0
2023-09-12,Electronics,875.95,22.92,Premium,8860.07,40,9,2023,12,22.0
2023-09-13,Home Decor,533.65,24.23,Premium,7416.76,30,9,2023,13,18.0
2023-09-14,Electronics,939.68,8.29,Regular,2846.9,27,9,2023,14,35.0
2023-09-15,Toys,800.8,47.28,Occasional,2888.0,23,9,2023,15,35.0
2023-09-16,Fashion,997.95,42.5,Regular,9637.27,35,9,2023,16,29.0
2023-09-17,Fashion,357.2,33.45,Occasional,201.82,35,9,2023,17,10.0
2023-09-18,Fashion,769.52,23.11,Regular,7188.89,35,9,2023,18,22.0
2023-09-19,Home Decor,407.91,20.59,Occasional,7091.84,9,9,2023,19,45.0
2023-09-20,Toys,485.08,32.55,Regular,6264.63,27,9,2023,20,18.0
2023-09-21,Electronics,631.23,27.27,Occasional,9902.08,28,9,2023,21,23.0
2023-09-22,Sports,874.94,3.11,Regular,3187.61,14,9,2023,22,62.0
2023-09-23,Electronics,984.24,25.63,Regular,3465.72,22,9,2023,23,45.0
2023-09-24,Sports,770.59,40.32,Occasional,881.5,22,9,2023,24,35.0
2023-09-25,Electronics,423.59,22.96,Premium,4483.7,31,9,2023,25,14.0
2023-09-26,Toys,427.14,2.6,Occasional,2684.38,26,9,2023,26,16.0
2023-09-27,Sports,740.21,39.31,Premium,3499.53,26,9,2023,27,28.0
2023-09-28,Home Decor,246.39,10.07,Regular,8362.26,25,9,2023,28,10.0
2023-09-29,Electronics,119.37,12.93,Occasional,9361.3,19,9,2023,29,6.0
2023-09-30,Electronics,361.08,8.24,Occasional,1938.76,14,9,2023,30,26.0
2023-10-01,Sports,294.37,16.51,Occasional,3787.84,31,10,2023,1,9.0
2023-10-02,Home Decor,303.35,37.84,Premium,9293.44,32,10,2023,2,9.0
2023-10-03,Home Decor,241.27,25.97,Premium,711.9,39,10,2023,3,6.0
2023-10-04,Toys,51.67,10.24,Regular,1014.37,28,10,2023,4,2.0
2023-10-05,Home Decor,27.7,43.89,Premium,1711.63,23,10,2023,5,1.0
2023-10-06,Home Decor,987.85,43.98,Premium,5992.61,35,10,2023,6,28.0
2023-10-07,Home Decor,433.5,43.53,Regular,1589.68,30,10,2023,7,14.0
2023-10-08,Fashion,390.48,11.94,Occasional,9683.96,37,10,2023,8,11.0
2023-10-09,Toys,682.85,22.56,Occasional,4522.47,36,10,2023,9,19.0
2023-10-10,Electronics,226.07,49.25,Regular,5065.03,38,10,2023,10,6.0
2023-10-11,Sports,950.46,38.6,Occasional,2541.92,30,10,2023,11,32.0
2023-10-12,Electronics,788.48,1.36,Premium,4762.51,26,10,2023,12,30.0
2023-10-13,Toys,98.52,3.26,Regular,6652.94,19,10,2023,13,5.0
2023-10-14,Sports,423.4,23.2,Regular,7536.65,43,10,2023,14,10.0
2023-10-15,Toys,880.33,45.46,Regular,7563.29,22,10,2023,15,40.0
2023-10-16,Home Decor,945.28,26.94,Occasional,5821.12,35,10,2023,16,27.0
2023-10-17,Sports,472.73,24.89,Regular,9053.16,37,10,2023,17,13.0
2023-10-18,Home Decor,617.28,5.27,Regular,8192.34,36,10,2023,18,17.0
2023-10-19,Electronics,175.36,32.84,Regular,7594.78,23,10,2023,19,8.0
2023-10-20,Electronics,991.26,41.11,Occasional,650.49,15,10,2023,20,66.0
2023-10-21,Sports,239.35,19.02,Premium,168.09,36,10,2023,21,7.0
2023-10-22,Sports,943.3,38.78,Regular,2203.23,38,10,2023,22,25.0
2023-10-23,Toys,653.15,48.22,Premium,6668.88,32,10,2023,23,20.0
2023-10-24,Toys,611.66,10.19,Occasional,4170.86,26,10,2023,24,24.0
2023-10-25,Home Decor,517.56,26.17,Occasional,4083.82,33,10,2023,25,16.0
2023-10-26,Sports,238.36,14.36,Occasional,8857.41,29,10,2023,26,8.0
2023-10-27,Electronics,184.76,39.64,Occasional,8966.07,34,10,2023,27,5.0
2023-10-28,Toys,228.28,28.88,Premium,9100.84,22,10,2023,28,10.0
2023-10-29,Toys,194.57,31.73,Regular,3207.39,22,10,2023,29,9.0
2023-10-30,Electronics,781.79,39.9,Occasional,6941.45,39,10,2023,30,20.0
2023-10-31,Toys,356.62,19.8,Occasional,2789.17,35,10,2023,31,10.0
2023-11-01,Home Decor,67.26,45.75,Premium,1987.04,41,11,2023,1,2.0
2023-11-02,Sports,969.41,26.65,Premium,1927.86,28,11,2023,2,35.0
2023-11-03,Electronics,884.95,7.9,Occasional,3486.87,27,11,2023,3,33.0
2023-11-04,Sports,928.47,34.79,Regular,4356.58,34,11,2023,4,27.0
2023-11-05,Toys,994.96,39.66,Regular,8326.4,39,11,2023,5,26.0
2023-11-06,Toys,182.16,15.84,Occasional,1286.92,36,11,2023,6,5.0
2023-11-07,Electronics,402.28,42.86,Premium,7375.77,18,11,2023,7,22.0
2023-11-08,Home Decor,760.66,45.31,Occasional,5361.4,29,11,2023,8,26.0
2023-11-09,Fashion,699.06,13.85,Occasional,2950.66,25,11,2023,9,28.0
2023-11-10,Electronics,162.36,49.18,Premium,4978.91,29,11,2023,10,6.0
2023-11-11,Fashion,817.67,7.04,Occasional,3069.43,17,11,2023,11,48.0
2023-11-12,Fashion,232.2,10.1,Occasional,6001.21,33,11,2023,12,7.0
2023-11-13,Home Decor,231.58,9.21,Occasional,4395.05,34,11,2023,13,7.0
2023-11-14,Fashion,541.6,44.7,Premium,1727.61,29,11,2023,14,19.0
2023-11-15,Fashion,597.01,32.71,Regular,1254.17,18,11,2023,15,33.0
2023-11-16,Home Decor,584.29,7.61,Regular,5512.29,18,11,2023,16,32.0
2023-11-17,Fashion,100.57,22.02,Premium,9033.89,22,11,2023,17,5.0
2023-11-18,Fashion,878.69,30.76,Regular,3505.18,14,11,2023,18,63.0
2023-11-19,Fashion,272.94,4.17,Occasional,7356.7,38,11,2023,19,7.0
2023-11-20,Electronics,138.22,44.12,Regular,6620.75,33,11,2023,20,4.0
2023-11-21,Electronics,889.86,40.18,Occasional,9322.39,29,11,2023,21,31.0
2023-11-22,Electronics,956.09,25.26,Regular,8227.71,27,11,2023,22,35.0
2023-11-23,Home Decor,863.51,48.36,Premium,5709.39,32,11,2023,23,27.0
2023-11-24,Toys,811.42,20.89,Regular,6604.6,31,11,2023,24,26.0
2023-11-25,Fashion,658.69,49.21,Regular,8994.03,30,11,2023,25,22.0
2023-11-26,Fashion,555.35,33.4,Regular,4055.24,38,11,2023,26,15.0
2023-11-27,Home Decor,96.12,31.73,Premium,3335.27,37,11,2023,27,3.0
2023-11-28,Fashion,414.37,8.3,Regular,207.03,46,11,2023,28,9.0
2023-11-29,Electronics,378.96,44.1,Premium,8282.86,24,11,2023,29,16.0
2023-11-30,Toys,267.16,21.37,Occasional,8029.71,23,11,2023,30,12.0
2023-12-01,Sports,726.19,8.11,Regular,1134.1,45,12,2023,1,16.0
2023-12-02,Fashion,500.92,0.63,Premium,5810.89,32,12,2023,2,16.0
2023-12-03,Electronics,90.24,27.99,Premium,4693.42,37,12,2023,3,2.0
2023-12-04,Sports,227.98,26.37,Regular,1275.22,36,12,2023,4,6.0
2023-12-05,Toys,686.43,35.97,Occasional,9807.63,32,12,2023,5,21.0
2023-12-06,Sports,85.37,44.51,Premium,2225.49,32,12,2023,6,3.0
2023-12-07,Electronics,852.69,3.97,Regular,765.62,21,12,2023,7,41.0
2023-12-08,Sports,500.2,36.57,Occasional,5988.99,23,12,2023,8,22.0
2023-12-09,Home Decor,485.78,9.37,Premium,7414.78,24,12,2023,9,20.0
2023-12-10,Sports,596.48,42.91,Premium,421.19,24,12,2023,10,25.0
2023-12-11,Fashion,826.43,40.95,Occasional,6621.3,23,12,2023,11,36.0
2023-12-12,Fashion,354.33,27.04,Occasional,5369.69,31,12,2023,12,11.0
2023-12-13,Home Decor,681.24,35.51,Regular,1122.32,30,12,2023,13,23.0
2023-12-14,Electronics,570.07,15.72,Regular,1807.99,16,12,2023,14,36.0
2023-12-15,Fashion,274.36,23.56,Premium,5722.95,38,12,2023,15,7.0
2023-12-16,Toys,879.84,41.08,Occasional,3033.94,21,12,2023,16,42.0
2023-12-17,Fashion,799.45,22.96,Occasional,9389.33,14,12,2023,17,57.0
2023-12-18,Fashion,661.87,17.89,Occasional,8205.53,33,12,2023,18,20.0
2023-12-19,Electronics,852.08,24.71,Premium,9837.32,36,12,2023,19,24.0
2023-12-20,Sports,868.62,41.41,Occasional,2670.74,31,12,2023,20,28.0
2023-12-21,Fashion,711.28,16.76,Occasional,9700.26,25,12,2023,21,28.0
2023-12-22,Home Decor,838.64,8.69,Premium,4369.22,47,12,2023,22,18.0
2023-12-23,Sports,700.5,35.6,Regular,3540.44,37,12,2023,23,19.0
2023-12-24,Toys,683.34,41.3,Regular,598.46,43,12,2023,24,16.0
2023-12-25,Electronics,622.43,5.03,Premium,622.38,43,12,2023,25,14.0
2023-12-26,Toys,755.19,11.99,Occasional,6950.91,31,12,2023,26,24.0
2023-12-27,Sports,167.02,7.1,Premium,4633.5,24,12,2023,27,7.0
2023-12-28,Sports,882.06,17.4,Regular,2342.56,28,12,2023,28,32.0
2023-12-29,Sports,873.13,22.52,Regular,6178.31,20,12,2023,29,44.0
2023-12-30,Toys,38.95,37.44,Premium,2603.3,33,12,2023,30,1.0
2023-12-31,Sports,827.56,32.56,Premium,5818.55,20,12,2023,31,41.0
2024-01-01,Toys,137.58,31.05,Regular,3656.17,28,1,2024,1,5.0
2024-01-02,Sports,341.77,17.62,Premium,8253.17,31,1,2024,2,11.0
2024-01-03,Home Decor,746.07,42.07,Regular,8224.89,32,1,2024,3,23.0
2024-01-04,Sports,169.15,23.56,Premium,4825.77,46,1,2024,4,4.0
2024-01-05,Toys,819.79,48.96,Premium,3573.11,25,1,2024,5,33.0
2024-01-06,Fashion,833.81,31.71,Premium,3689.34,29,1,2024,6,29.0
2024-01-07,Sports,512.39,6.31,Regular,8076.57,33,1,2024,7,16.0
2024-01-08,Fashion,16.32,33.81,Premium,3348.98,38,1,2024,8,0.0
2024-01-09,Home Decor,294.17,16.26,Regular,2169.69,24,1,2024,9,12.0
2024-01-10,Electronics,620.76,34.32,Regular,938.41,44,1,2024,10,14.0
2024-01-11,Home Decor,981.37,3.48,Premium,4720.26,14,1,2024,11,70.0
2024-01-12,Sports,635.5,8.74,Premium,4873.11,32,1,2024,12,20.0
2024-01-13,Fashion,267.21,42.79,Regular,8425.0,20,1,2024,13,13.0
2024-01-14,Fashion,637.67,11.36,Regular,2290.26,33,1,2024,14,19.0
2024-01-15,Toys,544.59,41.85,Occasional,3871.81,26,1,2024,15,21.0
2024-01-16,Fashion,782.05,13.96,Regular,8103.22,35,1,2024,16,22.0
2024-01-17,Toys,115.91,32.14,Occasional,8253.87,37,1,2024,17,3.0
2024-01-18,Electronics,763.42,34.71,Occasional,3907.65,27,1,2024,18,28.0
2024-01-19,Sports,545.85,25.63,Occasional,4645.33,23,1,2024,19,24.0
2024-01-20,Toys,963.36,15.27,Premium,3102.53,24,1,2024,20,40.0
2024-01-21,Electronics,348.45,10.63,Premium,9332.29,30,1,2024,21,12.0
2024-01-22,Fashion,636.3,1.66,Regular,1274.57,38,1,2024,22,17.0
2024-01-23,Fashion,932.71,15.2,Occasional,9344.12,34,1,2024,23,27.0
2024-01-24,Electronics,111.48,32.66,Premium,6870.28,40,1,2024,24,3.0
2024-01-25,Fashion,937.86,46.92,Premium,5362.56,18,1,2024,25,52.0
2024-01-26,Electronics,691.01,43.56,Premium,423.32,29,1,2024,26,24.0
2024-01-27,Toys,77.16,38.3,Premium,4808.4,42,1,2024,27,2.0
2024-01-28,Toys,307.95,39.42,Premium,4136.71,26,1,2024,28,12.0
2024-01-29,Electronics,711.09,33.25,Occasional,1696.07,18,1,2024,29,40.0
2024-01-30,Toys,76.68,13.01,Occasional,6598.46,24,1,2024,30,3.0
2024-01-31,Toys,586.35,45.36,Occasional,9714.39,27,1,2024,31,22.0
2024-02-01,Toys,352.42,33.54,Occasional,5665.67,19,2,2024,1,19.0
2024-02-02,Home Decor,624.71,28.02,Regular,7176.06,31,2,2024,2,20.0
2024-02-03,Sports,55.28,5.55,Occasional,777.66,24,2,2024,3,2.0
2024-02-04,Fashion,872.82,22.35,Premium,4234.9,28,2,2024,4,31.0
2024-02-05,Home Decor,973.75,23.02,Occasional,1251.95,24,2,2024,5,41.0
2024-02-06,Toys,969.19,43.23,Regular,6166.68,26,2,2024,6,37.0
2024-02-07,Electronics,752.16,27.33,Premium,9390.97,34,2,2024,7,22.0
2024-02-08,Toys,138.79,19.02,Occasional,6651.6,17,2,2024,8,8.0
2024-02-09,Sports,760.68,48.84,Occasional,860.35,26,2,2024,9,29.0
2024-02-10,Toys,34.34,5.54,Occasional,3611.2,26,2,2024,10,1.0
2024-02-11,Electronics,31.9,21.13,Premium,5551.57,36,2,2024,11,1.0
2024-02-12,Sports,330.37,2.1,Premium,4091.76,32,2,2024,12,10.0
2024-02-13,Toys,493.76,37.0,Regular,8353.08,34,2,2024,13,15.0
2024-02-14,Sports,772.7,45.9,Premium,8165.24,45,2,2024,14,17.0
2024-02-15,Fashion,686.46,14.0,Premium,6157.13,22,2,2024,15,31.0
2024-02-16,Fashion,451.44,42.92,Occasional,3797.23,31,2,2024,16,15.0
2024-02-17,Toys,280.89,14.61,Premium,2627.83,32,2,2024,17,9.0
2024-02-18,Sports,997.15,45.54,Occasional,1148.16,21,2,2024,18,47.0
2024-02-19,Electronics,431.92,37.7,Occasional,3613.49,20,2,2024,19,22.0
2024-02-20,Toys,456.87,40.25,Premium,4190.41,26,2,2024,20,18.0
2024-02-21,Fashion,171.99,0.9,Regular,6790.65,26,2,2024,21,7.0
2024-02-22,Fashion,796.86,48.14,Regular,6615.78,30,2,2024,22,27.0
2024-02-23,Toys,696.75,36.33,Premium,794.07,33,2,2024,23,21.0
2024-02-24,Sports,228.56,15.24,Regular,4013.07,36,2,2024,24,6.0
2024-02-25,Fashion,91.56,41.47,Occasional,1899.61,19,2,2024,25,5.0
2024-02-26,Sports,683.69,14.08,Occasional,1652.45,27,2,2024,26,25.0
2024-02-27,Fashion,657.97,43.64,Premium,8290.29,31,2,2024,27,21.0
2024-02-28,Fashion,280.53,5.63,Regular,514.96,28,2,2024,28,10.0
2024-02-29,Home Decor,951.35,35.18,Regular,4249.91,20,2,2024,29,48.0
2024-03-01,Fashion,159.55,27.03,Occasional,1765.22,35,3,2024,1,5.0
2024-03-02,Electronics,438.01,4.83,Premium,8805.37,26,3,2024,2,17.0
2024-03-03,Toys,944.18,12.09,Regular,5614.7,32,3,2024,3,30.0
2024-03-04,Toys,425.53,0.62,Premium,2390.67,39,3,2024,4,11.0
2024-03-05,Sports,642.14,23.44,Regular,5074.03,40,3,2024,5,16.0
2024-03-06,Fashion,403.62,15.06,Occasional,7341.71,17,3,2024,6,24.0
2024-03-07,Electronics,281.47,29.92,Occasional,9585.37,29,3,2024,7,10.0
2024-03-08,Sports,984.14,14.86,Premium,2282.42,34,3,2024,8,29.0
2024-03-09,Home Decor,415.24,15.0,Occasional,8873.2,35,3,2024,9,12.0
2024-03-10,Sports,895.16,37.16,Regular,9349.61,14,3,2024,10,64.0
2024-03-11,Sports,237.66,2.41,Occasional,9172.56,37,3,2024,11,6.0
2024-03-12,Fashion,220.97,45.14,Premium,6390.6,20,3,2024,12,11.0
2024-03-13,Home Decor,40.82,42.61,Premium,6335.22,15,3,2024,13,3.0
2024-03-14,Sports,655.15,33.39,Premium,4091.79,26,3,2024,14,25.0
2024-03-15,Electronics,374.84,29.66,Regular,7548.74,32,3,2024,15,12.0
2024-03-16,Electronics,865.71,44.62,Regular,5359.81,40,3,2024,16,22.0
2024-03-17,Toys,478.48,9.27,Regular,6806.64,26,3,2024,17,18.0
2024-03-18,Home Decor,968.51,3.95,Regular,4341.73,25,3,2024,18,39.0
2024-03-19,Home Decor,193.67,11.98,Regular,7341.81,33,3,2024,19,6.0
2024-03-20,Toys,869.94,39.73,Occasional,8262.27,15,3,2024,20,58.0
2024-03-21,Sports,778.83,1.73,Regular,1549.72,26,3,2024,21,30.0
2024-03-22,Home Decor,773.21,29.14,Regular,8346.0,23,3,2024,22,34.0
2024-03-23,Electronics,846.34,49.77,Occasional,5448.94,36,3,2024,23,24.0
2024-03-24,Electronics,763.41,42.78,Regular,8462.19,19,3,2024,24,40.0
2024-03-25,Fashion,629.96,26.07,Premium,4369.89,33,3,2024,25,19.0
2024-03-26,Home Decor,139.93,3.18,Regular,3852.5,30,3,2024,26,5.0
2024-03-27,Sports,42.2,41.57,Regular,9159.1,28,3,2024,27,2.0
2024-03-28,Toys,921.64,29.95,Premium,2586.58,30,3,2024,28,31.0
2024-03-29,Toys,620.48,5.75,Premium,8457.7,26,3,2024,29,24.0
2024-03-30,Sports,798.57,4.69,Premium,4891.8,20,3,2024,30,40.0
2024-03-31,Fashion,486.71,45.48,Premium,5189.54,31,3,2024,31,16.0
2024-04-01,Toys,126.14,33.46,Regular,3153.84,31,4,2024,1,4.0
2024-04-02,Home Decor,133.93,41.46,Premium,5773.12,26,4,2024,2,5.0
2024-04-03,Fashion,688.71,43.95,Premium,3319.59,33,4,2024,3,21.0
2024-04-04,Home Decor,436.0,28.59,Occasional,488.77,29,4,2024,4,15.0
2024-04-05,Electronics,208.52,25.87,Premium,2792.79,24,4,2024,5,9.0
2024-04-06,Fashion,496.68,21.52,Premium,163.15,30,4,2024,6,17.0
2024-04-07,Toys,73.57,15.85,Occasional,9785.71,27,4,2024,7,3.0
2024-04-08,Fashion,586.15,21.73,Occasional,9660.9,30,4,2024,8,20.0
2024-04-09,Fashion,276.3,38.69,Regular,4012.04,22,4,2024,9,13.0
2024-04-10,Fashion,799.58,30.1,Occasional,7310.87,31,4,2024,10,26.0
2024-04-11,Fashion,317.26,44.63,Regular,3523.48,18,4,2024,11,18.0
2024-04-12,Home Decor,460.67,22.17,Occasional,6743.82,21,4,2024,12,22.0
2024-04-13,Electronics,21.5,30.35,Occasional,8073.76,35,4,2024,13,1.0
2024-04-14,Sports,81.72,31.57,Regular,9472.89,29,4,2024,14,3.0
2024-04-15,Fashion,398.57,29.58,Occasional,4062.1,24,4,2024,15,17.0
2024-04-16,Toys,485.14,35.13,Regular,7854.65,26,4,2024,16,19.0
2024-04-17,Fashion,604.02,11.87,Occasional,2732.69,39,4,2024,17,15.0
2024-04-18,Toys,298.75,25.62,Premium,9904.29,26,4,2024,18,11.0
2024-04-19,Home Decor,698.03,5.21,Occasional,355.12,38,4,2024,19,18.0
2024-04-20,Toys,861.52,19.23,Regular,6074.94,39,4,2024,20,22.0
2024-04-21,Sports,782.05,24.38,Occasional,6629.11,43,4,2024,21,18.0
2024-04-22,Electronics,49.22,32.61,Regular,6911.65,27,4,2024,22,2.0
2024-04-23,Toys,485.7,47.53,Regular,1291.84,21,4,2024,23,23.0
2024-04-24,Toys,113.88,30.03,Premium,9391.44,27,4,2024,24,4.0
2024-04-25,Electronics,249.62,37.18,Premium,1893.71,35,4,2024,25,7.0
2024-04-26,Sports,986.8,25.31,Regular,6265.26,24,4,2024,26,41.0
2024-04-27,Fashion,151.07,31.71,Occasional,2304.49,25,4,2024,27,6.0
2024-04-28,Toys,503.9,3.55,Regular,3141.44,33,4,2024,28,15.0
2024-04-29,Electronics,621.97,12.72,Regular,5509.94,27,4,2024,29,23.0
2024-04-30,Home Decor,705.44,18.09,Occasional,4230.21,16,4,2024,30,44.0
2024-05-01,Electronics,564.05,23.62,Occasional,1686.23,19,5,2024,1,30.0
2024-05-02,Home Decor,19.67,2.28,Occasional,1792.27,24,5,2024,2,1.0
2024-05-03,Sports,333.2,7.0,Occasional,4239.63,16,5,2024,3,21.0
2024-05-04,Fashion,522.53,13.84,Regular,7597.1,44,5,2024,4,12.0
2024-05-05,Electronics,96.99,48.58,Regular,8989.85,18,5,2024,5,5.0
2024-05-06,Toys,357.12,16.57,Premium,932.86,38,5,2024,6,9.0
2024-05-07,Sports,42.87,24.1,Regular,3991.73,27,5,2024,7,2.0
2024-05-08,Electronics,87.79,9.8,Occasional,1092.43,26,5,2024,8,3.0
2024-05-09,Toys,402.95,30.54,Premium,264.27,26,5,2024,9,15.0
2024-05-10,Electronics,141.39,14.03,Occasional,6651.01,26,5,2024,10,5.0
2024-05-11,Home Decor,571.87,10.35,Regular,6064.25,38,5,2024,11,15.0
2024-05-12,Electronics,692.57,25.83,Premium,1713.89,28,5,2024,12,25.0
2024-05-13,Electronics,802.58,0.28,Occasional,2414.75,22,5,2024,13,36.0
2024-05-14,Electronics,208.15,0.38,Premium,334.71,34,5,2024,14,6.0
2024-05-15,Sports,175.81,10.95,Premium,8365.98,24,5,2024,15,7.0
2024-05-16,Electronics,113.52,1.84,Regular,9749.44,40,5,2024,16,3.0
2024-05-17,Toys,640.07,5.4,Occasional,1441.05,35,5,2024,17,18.0
2024-05-18,Home Decor,709.41,16.94,Premium,2391.6,31,5,2024,18,23.0
2024-05-19,Home Decor,41.27,40.13,Premium,8697.25,26,5,2024,19,2.0
2024-05-20,Electronics,936.85,28.6,Occasional,9271.99,30,5,2024,20,31.0
2024-05-21,Sports,61.45,25.63,Premium,4254.31,28,5,2024,21,2.0
2024-05-22,Sports,545.88,14.67,Premium,601.16,16,5,2024,22,34.0
2024-05-23,Toys,711.97,46.59,Premium,489.98,31,5,2024,23,23.0
2024-05-24,Electronics,872.26,19.85,Occasional,5782.1,21,5,2024,24,42.0
2024-05-25,Home Decor,716.95,4.35,Occasional,3989.66,32,5,2024,25,22.0
2024-05-26,Sports,803.71,30.85,Occasional,383.66,43,5,2024,26,19.0
2024-05-27,Electronics,346.06,5.69,Occasional,5874.2,35,5,2024,27,10.0
2024-05-28,Sports,816.68,17.26,Regular,211.9,21,5,2024,28,39.0
2024-05-29,Sports,89.31,25.37,Premium,7894.98,31,5,2024,29,3.0
2024-05-30,Home Decor,895.87,43.71,Occasional,3133.68,25,5,2024,30,36.0
2024-05-31,Fashion,552.12,24.68,Premium,498.55,40,5,2024,31,14.0
2024-06-01,Toys,819.12,35.11,Premium,5924.69,29,6,2024,1,28.0
2024-06-02,Toys,457.8,49.64,Regular,4037.08,22,6,2024,2,21.0
2024-06-03,Home Decor,647.14,6.57,Occasional,9740.62,32,6,2024,3,20.0
2024-06-04,Sports,531.14,13.74,Occasional,5487.57,28,6,2024,4,19.0
2024-06-05,Electronics,734.27,19.73,Premium,2824.87,47,6,2024,5,16.0
2024-06-06,Sports,90.81,21.09,Occasional,7123.44,49,6,2024,6,2.0
2024-06-07,Home Decor,69.75,20.55,Premium,2787.77,30,6,2024,7,2.0
2024-06-08,Toys,254.63,45.38,Premium,9052.01,26,6,2024,8,10.0
2024-06-09,Sports,167.95,35.7,Regular,3809.75,22,6,2024,9,8.0
2024-06-10,Toys,873.07,30.4,Regular,5543.7,28,6,2024,10,31.0
2024-06-11,Electronics,227.02,15.47,Regular,600.67,21,6,2024,11,11.0
2024-06-12,Toys,976.11,41.19,Premium,4318.6,38,6,2024,12,26.0
2024-06-13,Toys,343.53,47.75,Occasional,8340.4,21,6,2024,13,16.0
2024-06-14,Fashion,190.3,41.06,Regular,8075.92,32,6,2024,14,6.0
2024-06-15,Fashion,791.8,0.08,Occasional,2320.75,34,6,2024,15,23.0
2024-06-16,Fashion,662.12,31.82,Regular,2338.18,28,6,2024,16,24.0
2024-06-17,Toys,503.21,2.56,Regular,8191.32,18,6,2024,17,28.0
2024-06-18,Home Decor,559.81,12.88,Premium,9310.94,23,6,2024,18,24.0
2024-06-19,Toys,722.01,2.98,Regular,1044.07,29,6,2024,19,25.0
2024-06-20,Home Decor,236.17,30.19,Regular,4555.58,33,6,2024,20,7.0
2024-06-21,Home Decor,996.37,34.33,Premium,3440.8,30,6,2024,21,33.0
2024-06-22,Fashion,975.05,5.72,Occasional,8719.82,38,6,2024,22,26.0
2024-06-23,Sports,653.82,19.19,Regular,926.9,26,6,2024,23,25.0
2024-06-24,Electronics,207.55,22.81,Premium,2190.15,30,6,2024,24,7.0
2024-06-25,Fashion,683.43,18.45,Regular,7549.44,27,6,2024,25,25.0
2024-06-26,Fashion,81.48,6.05,Premium,607.81,42,6,2024,26,2.0
2024-06-27,Sports,40.35,20.95,Occasional,4976.1,16,6,2024,27,3.0
2024-06-28,Electronics,265.11,37.56,Occasional,4476.86,49,6,2024,28,5.0
2024-06-29,Toys,468.0,3.55,Premium,3410.57,32,6,2024,29,15.0
2024-06-30,Toys,869.59,4.01,Premium,4006.27,28,6,2024,30,31.0
2024-07-01,Fashion,729.9,17.74,Premium,5346.41,27,7,2024,1,27.0
2024-07-02,Electronics,745.28,47.09,Occasional,1697.54,41,7,2024,2,18.0
2024-07-03,Fashion,431.24,33.43,Regular,5762.76,32,7,2024,3,13.0
2024-07-04,Home Decor,352.48,33.93,Occasional,8073.78,25,7,2024,4,14.0
2024-07-05,Fashion,377.33,18.1,Premium,7625.59,42,7,2024,5,9.0
2024-07-06,Fashion,987.77,29.68,Premium,1623.61,22,7,2024,6,45.0
2024-07-07,Toys,49.71,0.51,Occasional,1577.57,40,7,2024,7,1.0
2024-07-08,Toys,868.36,31.8,Premium,2754.93,35,7,2024,8,25.0
2024-07-09,Toys,582.89,45.66,Occasional,3674.64,33,7,2024,9,18.0
2024-07-10,Home Decor,444.23,30.63,Premium,4143.71,22,7,2024,10,20.0
2024-07-11,Toys,728.01,43.68,Regular,6829.0,35,7,2024,11,21.0
2024-07-12,Electronics,491.8,36.2,Regular,661.14,16,7,2024,12,31.0
2024-07-13,Sports,874.69,6.03,Premium,443.26,29,7,2024,13,30.0
2024-07-14,Electronics,901.69,45.12,Occasional,3979.91,27,7,2024,14,33.0
2024-07-15,Electronics,427.5,3.32,Regular,7001.92,13,7,2024,15,33.0
2024-07-16,Toys,284.06,26.7,Occasional,2015.01,33,7,2024,16,9.0
2024-07-17,Sports,596.43,7.11,Premium,6450.89,31,7,2024,17,19.0
2024-07-18,Sports,913.24,0.59,Occasional,2672.3,34,7,2024,18,27.0
2024-07-19,Sports,218.56,21.1,Regular,8872.25,40,7,2024,19,5.0
2024-07-20,Home Decor,626.74,14.75,Occasional,8967.33,28,7,2024,20,22.0
2024-07-21,Toys,635.24,24.3,Occasional,3043.14,15,7,2024,21,42.0
2024-07-22,Sports,735.78,28.86,Premium,2376.94,26,7,2024,22,28.0
2024-07-23,Home Decor,140.25,2.19,Premium,4171.91,37,7,2024,23,4.0
2024-07-24,Fashion,718.67,6.15,Premium,2481.26,31,7,2024,24,23.0
2024-07-25,Fashion,909.94,27.93,Regular,6756.6,36,7,2024,25,25.0
2024-07-26,Home Decor,187.89,17.16,Regular,8278.04,34,7,2024,26,6.0
2024-07-27,Home Decor,245.17,36.46,Premium,6763.61,26,7,2024,27,9.0
2024-07-28,Toys,971.68,32.61,Premium,8261.07,29,7,2024,28,34.0
2024-07-29,Toys,189.17,42.28,Regular,4030.22,28,7,2024,29,7.0
2024-07-30,Fashion,855.84,34.62,Regular,1647.54,31,7,2024,30,28.0
2024-07-31,Sports,497.36,21.5,Regular,7405.71,31,7,2024,31,16.0
2024-08-01,Fashion,254.76,33.65,Regular,3668.7,33,8,2024,1,8.0
2024-08-02,Sports,872.04,13.77,Premium,6745.58,34,8,2024,2,26.0
2024-08-03,Sports,450.85,15.32,Regular,2779.38,25,8,2024,3,18.0
2024-08-04,Toys,519.67,39.45,Premium,904.17,31,8,2024,4,17.0
2024-08-05,Electronics,365.64,22.32,Occasional,9926.56,22,8,2024,5,17.0
2024-08-06,Electronics,597.02,39.92,Occasional,1646.39,30,8,2024,6,20.0
2024-08-07,Home Decor,171.89,41.12,Regular,9885.37,28,8,2024,7,6.0
2024-08-08,Toys,397.17,42.88,Occasional,9775.07,20,8,2024,8,20.0
2024-08-09,Sports,969.72,45.83,Occasional,7958.8,29,8,2024,9,33.0
2024-08-10,Electronics,265.55,21.55,Occasional,6628.29,24,8,2024,10,11.0
2024-08-11,Sports,660.17,15.94,Regular,5820.29,24,8,2024,11,28.0
2024-08-12,Electronics,331.94,29.11,Regular,8674.41,28,8,2024,12,12.0
2024-08-13,Electronics,775.74,18.56,Occasional,2965.45,37,8,2024,13,21.0
2024-08-14,Electronics,139.56,30.05,Premium,4730.04,30,8,2024,14,5.0
2024-08-15,Toys,970.12,35.28,Occasional,6231.96,34,8,2024,15,29.0
2024-08-16,Fashion,459.25,34.42,Regular,4170.79,30,8,2024,16,15.0
2024-08-17,Sports,243.69,18.73,Regular,4332.12,31,8,2024,17,8.0
2024-08-18,Toys,82.76,8.34,Regular,3369.82,33,8,2024,18,3.0
2024-08-19,Toys,178.06,21.53,Occasional,5685.89,29,8,2024,19,6.0
2024-08-20,Toys,524.58,7.13,Premium,8520.69,31,8,2024,20,17.0
2024-08-21,Toys,343.63,44.5,Regular,2095.13,35,8,2024,21,10.0
2024-08-22,Toys,830.59,17.29,Regular,9350.89,28,8,2024,22,30.0
2024-08-23,Home Decor,436.58,7.72,Occasional,6921.97,32,8,2024,23,14.0
2024-08-24,Sports,256.23,1.27,Premium,8250.4,43,8,2024,24,6.0
2024-08-25,Toys,620.97,32.29,Occasional,5606.29,16,8,2024,25,39.0
2024-08-26,Sports,709.71,31.85,Regular,7817.22,44,8,2024,26,16.0
2024-08-27,Home Decor,175.37,17.03,Premium,260.38,29,8,2024,27,6.0
2024-08-28,Home Decor,175.94,3.59,Premium,8201.97,32,8,2024,28,5.0
2024-08-29,Sports,46.3,20.48,Regular,497.37,29,8,2024,29,2.0
2024-08-30,Electronics,739.04,15.56,Premium,8910.14,45,8,2024,30,16.0
2024-08-31,Fashion,667.17,33.86,Premium,9920.43,32,8,2024,31,21.0
2024-09-01,Electronics,479.88,30.29,Occasional,3011.27,32,9,2024,1,15.0
2024-09-02,Electronics,845.73,18.23,Regular,2182.15,30,9,2024,2,28.0
2024-09-03,Electronics,807.61,10.89,Regular,7677.1,29,9,2024,3,28.0
2024-09-04,Toys,589.5,49.4,Regular,2604.96,24,9,2024,4,25.0
2024-09-05,Home Decor,869.59,22.7,Regular,8669.07,32,9,2024,5,27.0
2024-09-06,Electronics,213.78,34.41,Regular,1118.14,25,9,2024,6,9.0
2024-09-07,Home Decor,120.8,7.03,Premium,1346.96,35,9,2024,7,3.0
2024-09-08,Sports,277.05,24.28,Occasional,9793.6,22,9,2024,8,13.0
2024-09-09,Fashion,66.52,1.38,Regular,6771.01,22,9,2024,9,3.0
2024-09-10,Sports,535.86,25.27,Occasional,8484.18,33,9,2024,10,16.0
2024-09-11,Sports,937.24,48.2,Occasional,3310.86,24,9,2024,11,39.0
2024-09-12,Toys,48.95,19.21,Premium,6797.19,34,9,2024,12,1.0
2024-09-13,Fashion,130.89,1.95,Regular,5982.99,35,9,2024,13,4.0
2024-09-14,Sports,457.68,1.55,Premium,6071.19,32,9,2024,14,14.0
2024-09-15,Sports,934.54,19.4,Regular,6857.07,40,9,2024,15,23.0
2024-09-16,Fashion,322.99,8.0,Premium,5796.06,41,9,2024,16,8.0
2024-09-17,Fashion,512.16,1.17,Occasional,4347.72,45,9,2024,17,11.0
2024-09-18,Sports,51.16,37.81,Regular,2831.63,24,9,2024,18,2.0
2024-09-19,Fashion,156.86,22.93,Occasional,7708.96,37,9,2024,19,4.0
2024-09-20,Sports,986.76,14.46,Occasional,2340.1,48,9,2024,20,21.0
2024-09-21,Sports,965.47,45.0,Premium,6954.31,25,9,2024,21,39.0
2024-09-22,Toys,14.89,5.81,Regular,2409.99,20,9,2024,22,1.0
2024-09-23,Electronics,952.29,47.8,Occasional,6290.77,17,9,2024,23,56.0
2024-09-24,Sports,642.73,15.7,Premium,7496.07,44,9,2024,24,15.0
2024-09-25,Home Decor,869.24,44.42,Regular,2265.27,30,9,2024,25,29.0
2024-09-26,Electronics,460.19,30.15,Regular,693.44,34,9,2024,26,14.0
2024-09-27,Electronics,520.44,41.34,Occasional,1396.64,31,9,2024,27,17.0
2024-09-28,Electronics,493.96,49.2,Regular,6099.37,38,9,2024,28,13.0
2024-09-29,Toys,670.2,14.42,Occasional,8509.52,32,9,2024,29,21.0
2024-09-30,Sports,148.25,48.06,Regular,545.47,27,9,2024,30,5.0
2024-10-01,Toys,39.67,19.47,Premium,7368.1,24,10,2024,1,2.0
2024-10-02,Sports,314.85,19.28,Occasional,3479.05,40,10,2024,2,8.0
2024-10-03,Toys,707.63,17.02,Occasional,4837.43,49,10,2024,3,14.0
2024-10-04,Toys,209.83,27.07,Regular,9295.71,27,10,2024,4,8.0
2024-10-05,Home Decor,676.7,7.71,Regular,3386.52,28,10,2024,5,24.0
2024-10-06,Toys,970.21,27.69,Occasional,4706.84,41,10,2024,6,24.0
2024-10-07,Fashion,102.96,27.09,Regular,235.46,37,10,2024,7,3.0
2024-10-08,Home Decor,675.88,38.1,Premium,907.83,27,10,2024,8,25.0
2024-10-09,Toys,449.31,41.68,Regular,2660.06,21,10,2024,9,21.0
2024-10-10,Electronics,869.46,22.02,Premium,375.74,25,10,2024,10,35.0
2024-10-11,Fashion,185.38,15.12,Premium,6350.62,30,10,2024,11,6.0
2024-10-12,Fashion,695.7,12.97,Premium,4321.34,18,10,2024,12,39.0
2024-10-13,Fashion,839.73,9.73,Premium,5526.64,17,10,2024,13,49.0
2024-10-14,Home Decor,945.17,2.88,Premium,1829.01,27,10,2024,14,35.0
2024-10-15,Toys,686.42,17.12,Regular,3029.73,27,10,2024,15,25.0
2024-10-16,Toys,502.2,13.51,Premium,6671.86,28,10,2024,16,18.0
2024-10-17,Electronics,621.67,48.32,Regular,9656.5,37,10,2024,17,17.0
2024-10-18,Electronics,870.22,27.89,Premium,599.13,33,10,2024,18,26.0
2024-10-19,Fashion,574.9,17.36,Occasional,8914.8,31,10,2024,19,19.0
2024-10-20,Electronics,40.08,29.02,Premium,5811.12,19,10,2024,20,2.0
2024-10-21,Home Decor,931.64,6.96,Occasional,5682.8,40,10,2024,21,23.0
2024-10-22,Toys,692.63,22.2,Premium,5052.76,33,10,2024,22,21.0
2024-10-23,Fashion,679.75,31.31,Premium,787.0,47,10,2024,23,14.0
2024-10-24,Electronics,223.52,24.44,Premium,989.78,40,10,2024,24,6.0
2024-10-25,Home Decor,662.3,20.09,Occasional,6049.03,28,10,2024,25,24.0
2024-10-26,Home Decor,399.93,49.69,Occasional,3475.49,30,10,2024,26,13.0
2024-10-27,Electronics,654.72,44.02,Premium,9180.95,28,10,2024,27,23.0
2024-10-28,Toys,115.53,31.17,Regular,4125.25,37,10,2024,28,3.0
2024-10-29,Electronics,661.27,28.47,Premium,1518.49,34,10,2024,29,19.0
2024-10-30,Fashion,999.42,31.03,Occasional,7175.72,25,10,2024,30,40.0
2024-10-31,Electronics,57.73,10.07,Premium,3004.2,32,10,2024,31,2.0
2024-11-01,Home Decor,977.4,19.76,Occasional,5302.16,24,11,2024,1,41.0
2024-11-02,Electronics,412.84,1.97,Occasional,7008.54,27,11,2024,2,15.0
2024-11-03,Toys,872.05,23.78,Occasional,9012.61,29,11,2024,3,30.0
2024-11-04,Sports,784.56,27.15,Premium,7942.69,34,11,2024,4,23.0
2024-11-05,Electronics,571.35,11.39,Occasional,6795.97,28,11,2024,5,20.0
2024-11-06,Toys,741.06,48.2,Occasional,6828.37,46,11,2024,6,16.0
2024-11-07,Toys,879.73,45.47,Premium,9464.65,27,11,2024,7,33.0
2024-11-08,Home Decor,410.1,36.11,Occasional,3028.66,30,11,2024,8,14.0
2024-11-09,Toys,333.76,26.67,Premium,111.01,28,11,2024,9,12.0
2024-11-10,Toys,670.92,43.5,Occasional,2792.35,35,11,2024,10,19.0
2024-11-11,Toys,809.77,6.53,Regular,2257.12,39,11,2024,11,21.0
2024-11-12,Toys,764.66,39.53,Regular,6652.16,46,11,2024,12,17.0
2024-11-13,Fashion,799.84,6.24,Occasional,6373.74,40,11,2024,13,20.0
2024-11-14,Fashion,441.23,39.71,Regular,5975.27,38,11,2024,14,12.0
2024-11-15,Home Decor,819.66,13.79,Premium,260.81,37,11,2024,15,22.0
2024-11-16,Electronics,129.01,43.85,Regular,7314.9,34,11,2024,16,4.0
2024-11-17,Toys,549.04,47.2,Occasional,3302.95,24,11,2024,17,23.0
2024-11-18,Electronics,15.7,7.44,Occasional,6684.05,18,11,2024,18,1.0
2024-11-19,Electronics,331.34,23.13,Premium,5610.13,30,11,2024,19,11.0
2024-11-20,Home Decor,372.8,49.05,Occasional,3493.04,28,11,2024,20,13.0
2024-11-21,Toys,402.21,24.17,Premium,1432.31,32,11,2024,21,13.0
2024-11-22,Toys,698.51,43.18,Regular,1034.75,24,11,2024,22,29.0
2024-11-23,Sports,394.67,29.44,Regular,8332.03,17,11,2024,23,23.0
2024-11-24,Electronics,454.21,18.77,Premium,9192.14,36,11,2024,24,13.0
2024-11-25,Electronics,245.17,14.29,Premium,6532.9,23,11,2024,25,11.0
2024-11-26,Fashion,379.52,10.16,Occasional,1124.0,31,11,2024,26,12.0
2024-11-27,Sports,235.0,38.09,Regular,4080.07,30,11,2024,27,8.0
2024-11-28,Fashion,82.46,19.33,Premium,7316.5,22,11,2024,28,4.0
2024-11-29,Fashion,607.41,25.56,Regular,7820.23,19,11,2024,29,32.0
2024-11-30,Fashion,671.53,24.62,Premium,1270.36,41,11,2024,30,16.0
2024-12-01,Home Decor,623.3,28.86,Regular,100.3,28,12,2024,1,22.0
2024-12-02,Home Decor,468.86,43.28,Occasional,7150.16,26,12,2024,2,18.0
2024-12-03,Fashion,385.99,49.04,Regular,3630.3,33,12,2024,3,12.0
2024-12-04,Sports,864.7,20.38,Regular,2619.37,28,12,2024,4,31.0
2024-12-05,Electronics,523.89,41.38,Regular,227.68,32,12,2024,5,16.0
2024-12-06,Sports,484.39,38.23,Regular,5448.96,36,12,2024,6,13.0
2024-12-07,Toys,35.39,28.68,Regular,8526.39,30,12,2024,7,1.0
2024-12-08,Home Decor,347.84,47.8,Occasional,9580.55,16,12,2024,8,22.0
2024-12-09,Electronics,386.39,10.02,Premium,5700.88,38,12,2024,9,10.0
2024-12-10,Electronics,404.83,5.46,Regular,5193.17,42,12,2024,10,10.0
2024-12-11,Toys,584.37,42.7,Occasional,942.06,20,12,2024,11,29.0
2024-12-12,Toys,538.27,21.96,Regular,5533.84,32,12,2024,12,17.0
2024-12-13,Fashion,611.83,42.35,Regular,3861.79,26,12,2024,13,24.0
2024-12-14,Home Decor,767.23,44.65,Premium,6110.64,22,12,2024,14,35.0
2024-12-15,Home Decor,814.86,3.12,Regular,3948.39,32,12,2024,15,25.0
2024-12-16,Sports,720.94,44.17,Occasional,2478.96,45,12,2024,16,16.0
2024-12-17,Fashion,955.97,22.42,Occasional,1040.16,25,12,2024,17,38.0
2024-12-18,Fashion,28.05,25.52,Premium,3217.69,28,12,2024,18,1.0
2024-12-19,Fashion,203.82,31.33,Regular,1056.78,22,12,2024,19,9.0
2024-12-20,Fashion,17.49,46.32,Occasional,1851.28,19,12,2024,20,1.0
2024-12-21,Home Decor,651.0,0.96,Regular,9874.63,47,12,2024,21,14.0
2024-12-22,Home Decor,899.05,23.84,Regular,4496.63,35,12,2024,22,26.0
2024-12-23,Fashion,251.05,34.39,Regular,5365.53,13,12,2024,23,19.0
2024-12-24,Sports,927.76,36.14,Premium,8748.82,28,12,2024,24,33.0
2024-12-25,Electronics,69.66,34.63,Regular,9956.13,22,12,2024,25,3.0
2024-12-26,Electronics,935.09,6.72,Occasional,5868.87,41,12,2024,26,23.0
2024-12-27,Sports,358.11,14.97,Regular,8143.49,29,12,2024,27,12.0
2024-12-28,Fashion,110.41,17.94,Occasional,3336.72,47,12,2024,28,2.0
2024-12-29,Home Decor,491.01,40.22,Regular,3126.87,19,12,2024,29,26.0
2024-12-30,Electronics,264.21,13.94,Occasional,4086.77,21,12,2024,30,13.0
2024-12-31,Toys,292.02,10.54,Occasional,6757.82,38,12,2024,31,8.0
2025-01-01,Toys,314.22,47.87,Regular,6853.7,46,1,2025,1,7.0
2025-01-02,Sports,805.0,0.44,Regular,3220.87,25,1,2025,2,32.0
2025-01-03,Fashion,543.77,49.89,Occasional,1418.78,15,1,2025,3,36.0
2025-01-04,Electronics,318.19,33.84,Premium,6360.72,19,1,2025,4,17.0
2025-01-05,Fashion,614.23,41.42,Regular,1370.43,26,1,2025,5,24.0
2025-01-06,Electronics,718.99,14.73,Premium,5827.08,36,1,2025,6,20.0
2025-01-07,Sports,279.9,0.72,Regular,6964.88,26,1,2025,7,11.0
2025-01-08,Sports,419.41,36.89,Regular,7036.05,31,1,2025,8,14.0
2025-01-09,Toys,130.67,41.71,Regular,7559.37,31,1,2025,9,4.0
2025-01-10,Fashion,189.34,37.02,Regular,8741.31,25,1,2025,10,8.0
2025-01-11,Toys,684.31,7.14,Premium,5049.59,27,1,2025,11,25.0
2025-01-12,Fashion,189.62,37.67,Regular,7329.47,31,1,2025,12,6.0
2025-01-13,Toys,529.91,38.45,Occasional,6229.81,24,1,2025,13,22.0
2025-01-14,Home Decor,711.96,32.93,Occasional,1947.74,27,1,2025,14,26.0
2025-01-15,Home Decor,115.81,38.31,Premium,354.33,36,1,2025,15,3.0
2025-01-16,Home Decor,571.64,42.3,Regular,2916.96,15,1,2025,16,38.0
2025-01-17,Home Decor,264.0,30.68,Occasional,4486.03,26,1,2025,17,10.0
2025-01-18,Electronics,963.3,4.43,Premium,6209.35,31,1,2025,18,31.0
2025-01-19,Home Decor,488.71,24.38,Regular,8514.6,43,1,2025,19,11.0
2025-01-20,Sports,807.93,3.88,Occasional,2042.83,24,1,2025,20,34.0
2025-01-21,Sports,554.72,20.38,Occasional,1342.94,15,1,2025,21,37.0
2025-01-22,Electronics,52.98,20.36,Premium,9638.45,25,1,2025,22,2.0
2025-01-23,Home Decor,636.82,3.3,Regular,1169.64,32,1,2025,23,20.0
2025-01-24,Home Decor,951.89,17.44,Regular,4837.06,36,1,2025,24,26.0
2025-01-25,Home Decor,605.6,5.55,Occasional,5897.08,33,1,2025,25,18.0
2025-01-26,Toys,821.0,40.41,Occasional,5459.61,17,1,2025,26,48.0
2025-01-27,Fashion,885.36,47.38,Occasional,951.72,39,1,2025,27,23.0
2025-01-28,Toys,235.8,3.62,Regular,664.57,40,1,2025,28,6.0
2025-01-29,Fashion,219.92,47.76,Premium,1144.29,36,1,2025,29,6.0
2025-01-30,Home Decor,614.87,26.13,Premium,5897.32,29,1,2025,30,21.0
2025-01-31,Home Decor,416.92,14.98,Regular,5489.01,28,1,2025,31,15.0
2025-02-01,Toys,841.46,3.84,Premium,2414.03,37,2,2025,1,23.0
2025-02-02,Toys,901.02,25.03,Occasional,6413.96,34,2,2025,2,27.0
2025-02-03,Fashion,359.89,39.73,Premium,8218.67,36,2,2025,3,10.0
2025-02-04,Sports,244.5,35.35,Premium,511.63,30,2,2025,4,8.0
2025-02-05,Fashion,782.72,2.51,Premium,5031.49,24,2,2025,5,33.0
2025-02-06,Toys,282.06,3.65,Occasional,6924.17,28,2,2025,6,10.0
2025-02-07,Toys,824.39,20.14,Regular,2597.89,31,2,2025,7,27.0
2025-02-08,Electronics,429.5,14.76,Occasional,3146.93,41,2,2025,8,10.0
2025-02-09,Toys,670.87,11.62,Regular,6175.02,21,2,2025,9,32.0
2025-02-10,Electronics,104.58,14.05,Regular,8989.56,18,2,2025,10,6.0
2025-02-11,Sports,627.62,40.17,Regular,8118.25,21,2,2025,11,30.0
2025-02-12,Fashion,457.25,46.46,Premium,5872.99,28,2,2025,12,16.0
2025-02-13,Fashion,590.74,20.26,Premium,7329.2,27,2,2025,13,22.0
2025-02-14,Electronics,176.33,45.31,Regular,3711.74,27,2,2025,14,7.0
2025-02-15,Fashion,739.51,16.07,Regular,6445.56,28,2,2025,15,26.0
2025-02-16,Toys,864.17,23.82,Premium,4715.2,35,2,2025,16,25.0
2025-02-17,Home Decor,224.57,11.3,Occasional,1980.37,20,2,2025,17,11.0
2025-02-18,Electronics,104.76,32.02,Regular,7047.21,34,2,2025,18,3.0
2025-02-19,Fashion,33.4,48.95,Occasional,5609.0,31,2,2025,19,1.0
2025-02-20,Electronics,645.55,30.17,Premium,3650.35,34,2,2025,20,19.0
2025-02-21,Electronics,611.02,17.89,Regular,9122.26,38,2,2025,21,16.0
2025-02-22,Home Decor,551.23,32.39,Occasional,307.25,30,2,2025,22,18.0
2025-02-23,Toys,239.63,6.15,Occasional,3226.15,25,2,2025,23,10.0
2025-02-24,Electronics,397.0,44.43,Occasional,663.13,28,2,2025,24,14.0
2025-02-25,Fashion,598.53,25.15,Premium,7688.62,40,2,2025,25,15.0
2025-02-26,Sports,501.8,22.47,Premium,7050.86,25,2,2025,26,20.0
2025-02-27,Electronics,987.91,29.29,Occasional,3380.39,22,2,2025,27,45.0
2025-02-28,Electronics,145.08,31.24,Occasional,6789.06,28,2,2025,28,5.0
2025-03-01,Home Decor,698.19,3.59,Premium,4019.78,24,3,2025,1,29.0
2025-03-02,Toys,410.28,34.13,Occasional,7586.91,32,3,2025,2,13.0
2025-03-03,Sports,433.92,12.1,Occasional,4596.42,15,3,2025,3,29.0
2025-03-04,Fashion,720.42,35.7,Premium,4181.57,32,3,2025,4,23.0
2025-03-05,Sports,695.51,41.13,Occasional,9353.83,37,3,2025,5,19.0
2025-03-06,Fashion,991.34,40.2,Occasional,2583.7,31,3,2025,6,32.0
2025-03-07,Toys,137.11,27.63,Occasional,1292.43,27,3,2025,7,5.0
2025-03-08,Fashion,113.07,26.01,Premium,5886.98,19,3,2025,8,6.0
2025-03-09,Home Decor,727.1,7.14,Occasional,9696.29,31,3,2025,9,23.0
2025-03-10,Home Decor,582.6,38.77,Premium,3840.61,32,3,2025,10,18.0
2025-03-11,Home Decor,281.42,13.57,Premium,714.16,23,3,2025,11,12.0
2025-03-12,Home Decor,88.63,24.83,Regular,3459.12,24,3,2025,12,4.0
2025-03-13,Sports,94.8,14.21,Regular,5108.72,36,3,2025,13,3.0
2025-03-14,Toys,895.25,6.69,Occasional,1703.04,31,3,2025,14,29.0
2025-03-15,Fashion,199.95,31.48,Premium,6615.21,36,3,2025,15,6.0
2025-03-16,Fashion,330.14,2.72,Regular,9977.72,34,3,2025,16,10.0
2025-03-17,Home Decor,234.39,37.43,Occasional,4572.22,28,3,2025,17,8.0
2025-03-18,Home Decor,361.45,15.88,Regular,3611.81,32,3,2025,18,11.0
2025-03-19,Electronics,78.73,0.01,Regular,4066.97,37,3,2025,19,2.0
2025-03-20,Toys,523.87,25.56,Premium,1239.95,34,3,2025,20,15.0
2025-03-21,Sports,76.94,2.34,Premium,8844.41,36,3,2025,21,2.0
2025-03-22,Fashion,802.35,13.81,Regular,4206.77,18,3,2025,22,45.0
2025-03-23,Electronics,241.37,35.35,Regular,3934.02,29,3,2025,23,8.0
2025-03-24,Electronics,544.61,3.13,Premium,6630.93,22,3,2025,24,25.0
2025-03-25,Fashion,881.28,41.97,Occasional,4476.13,45,3,2025,25,20.0
2025-03-26,Sports,654.37,0.19,Premium,6517.51,33,3,2025,26,20.0
2025-03-27,Electronics,537.63,12.34,Regular,708.32,33,3,2025,27,16.0
2025-03-28,Electronics,331.09,37.05,Occasional,8155.86,40,3,2025,28,8.0
2025-03-29,Toys,339.67,15.81,Regular,9410.99,30,3,2025,29,11.0
2025-03-30,Sports,672.79,5.09,Occasional,6522.78,39,3,2025,30,17.0
2025-03-31,Electronics,994.2,18.01,Regular,9550.2,28,3,2025,31,36.0
2025-04-01,Sports,665.22,13.52,Occasional,1599.18,30,4,2025,1,22.0
2025-04-02,Fashion,562.21,42.14,Occasional,4826.42,30,4,2025,2,19.0
2025-04-03,Home Decor,733.34,15.67,Regular,6057.89,37,4,2025,3,20.0
2025-04-04,Electronics,470.55,39.45,Occasional,5859.19,31,4,2025,4,15.0
2025-04-05,Toys,69.54,44.59,Premium,4074.47,33,4,2025,5,2.0
2025-04-06,Fashion,566.67,21.69,Regular,3447.04,18,4,2025,6,31.0
2025-04-07,Sports,958.05,45.5,Premium,1355.56,31,4,2025,7,31.0
2025-04-08,Fashion,183.55,18.87,Regular,3978.25,31,4,2025,8,6.0
2025-04-09,Electronics,693.1,48.2,Occasional,1710.34,25,4,2025,9,28.0
2025-04-10,Sports,208.92,4.46,Occasional,7370.22,22,4,2025,10,9.0
2025-04-11,Home Decor,540.47,34.35,Occasional,2167.43,27,4,2025,11,20.0
2025-04-12,Fashion,105.71,24.69,Regular,679.8,19,4,2025,12,6.0
2025-04-13,Electronics,455.87,19.38,Premium,5568.42,28,4,2025,13,16.0
2025-04-14,Toys,758.6,31.64,Premium,5992.77,34,4,2025,14,22.0
2025-04-15,Sports,354.1,35.19,Regular,8731.94,28,4,2025,15,13.0
2025-04-16,Fashion,668.26,0.22,Regular,5812.12,23,4,2025,16,29.0
2025-04-17,Fashion,797.5,8.35,Premium,3520.26,23,4,2025,17,35.0
2025-04-18,Home Decor,927.91,35.65,Premium,8049.82,28,4,2025,18,33.0
2025-04-19,Home Decor,242.3,33.32,Premium,5448.76,22,4,2025,19,11.0
2025-04-20,Toys,405.32,48.3,Premium,884.87,36,4,2025,20,11.0
2025-04-21,Toys,160.89,38.05,Regular,5701.92,36,4,2025,21,4.0
2025-04-22,Electronics,992.56,47.54,Regular,9089.38,40,4,2025,22,25.0
2025-04-23,Electronics,927.73,35.13,Occasional,4023.49,19,4,2025,23,49.0
2025-04-24,Toys,544.56,14.9,Premium,3033.63,33,4,2025,24,17.0
2025-04-25,Toys,843.61,5.27,Occasional,1520.35,31,4,2025,25,27.0
2025-04-26,Sports,525.75,39.09,Regular,1599.31,29,4,2025,26,18.0
2025-04-27,Home Decor,627.35,32.21,Regular,4384.44,29,4,2025,27,22.0
2025-04-28,Electronics,98.23,2.41,Occasional,5997.23,31,4,2025,28,3.0
2025-04-29,Home Decor,757.72,18.0,Premium,898.09,26,4,2025,29,29.0
2025-04-30,Home Decor,136.44,47.84,Premium,9401.73,34,4,2025,30,4.0
2025-05-01,Toys,827.81,25.02,Premium,7575.82,32,5,2025,1,26.0
2025-05-02,Sports,784.21,21.64,Premium,5907.58,20,5,2025,2,39.0
2025-05-03,Fashion,711.66,22.88,Occasional,8301.54,33,5,2025,3,22.0
2025-05-04,Sports,45.8,10.44,Occasional,893.85,34,5,2025,4,1.0
2025-05-05,Sports,310.1,18.44,Regular,4820.7,35,5,2025,5,9.0
2025-05-06,Home Decor,270.48,18.49,Premium,6337.92,35,5,2025,6,8.0
2025-05-07,Sports,366.54,2.62,Premium,8303.66,29,5,2025,7,13.0
2025-05-08,Electronics,96.77,38.38,Premium,7856.35,27,5,2025,8,4.0
2025-05-09,Home Decor,937.59,20.83,Occasional,2842.99,29,5,2025,9,32.0
2025-05-10,Electronics,558.26,41.11,Premium,9414.71,20,5,2025,10,28.0
2025-05-11,Fashion,312.47,42.52,Occasional,1331.02,39,5,2025,11,8.0
2025-05-12,Home Decor,403.01,10.6,Premium,8763.82,39,5,2025,12,10.0
2025-05-13,Fashion,452.73,32.87,Premium,9712.31,21,5,2025,13,22.0
2025-05-14,Home Decor,604.59,23.61,Regular,1853.82,37,5,2025,14,16.0
2025-05-15,Toys,520.52,44.01,Premium,7248.45,25,5,2025,15,21.0
2025-05-16,Sports,920.2,10.79,Premium,498.83,29,5,2025,16,32.0
2025-05-17,Toys,501.99,33.89,Regular,4113.69,24,5,2025,17,21.0
2025-05-18,Fashion,992.24,30.39,Occasional,5211.2,37,5,2025,18,27.0
2025-05-19,Sports,852.91,14.77,Occasional,5848.39,28,5,2025,19,30.0
2025-05-20,Home Decor,216.43,6.83,Premium,9365.78,32,5,2025,20,7.0
2025-05-21,Sports,931.29,32.58,Occasional,6755.28,38,5,2025,21,25.0
2025-05-22,Electronics,125.2,36.93,Premium,4864.65,40,5,2025,22,3.0
2025-05-23,Sports,819.28,15.78,Regular,8115.78,23,5,2025,23,36.0
2025-05-24,Electronics,386.82,32.24,Regular,9510.27,28,5,2025,24,14.0
2025-05-25,Sports,879.19,19.76,Premium,318.45,27,5,2025,25,33.0
2025-05-26,Electronics,869.38,35.66,Regular,9826.96,27,5,2025,26,32.0
2025-05-27,Fashion,807.87,9.96,Regular,952.71,26,5,2025,27,31.0
2025-05-28,Toys,792.13,44.51,Premium,8162.43,42,5,2025,28,19.0
2025-05-29,Home Decor,311.63,14.37,Premium,2875.31,26,5,2025,29,12.0
2025-05-30,Sports,90.11,18.39,Regular,1408.58,32,5,2025,30,3.0
2025-05-31,Toys,408.95,2.9,Occasional,4454.57,39,5,2025,31,10.0
2025-06-01,Home Decor,181.79,5.58,Occasional,6475.17,18,6,2025,1,10.0
2025-06-02,Home Decor,698.0,25.79,Premium,3871.42,29,6,2025,2,24.0
2025-06-03,Electronics,352.64,13.38,Premium,640.2,18,6,2025,3,20.0
2025-06-04,Fashion,975.85,41.77,Occasional,6034.67,38,6,2025,4,26.0
2025-06-05,Fashion,644.56,0.73,Regular,9033.79,33,6,2025,5,20.0
2025-06-06,Toys,824.26,18.95,Occasional,3893.83,23,6,2025,6,36.0
2025-06-07,Fashion,141.2,16.87,Occasional,2241.69,30,6,2025,7,5.0
2025-06-08,Sports,863.39,0.97,Occasional,4481.52,26,6,2025,8,33.0
2025-06-09,Fashion,923.53,6.22,Occasional,578.79,42,6,2025,9,22.0
2025-06-10,Toys,492.19,20.68,Premium,8222.83,32,6,2025,10,15.0
2025-06-11,Fashion,610.19,24.64,Premium,8280.77,25,6,2025,11,24.0
2025-06-12,Sports,767.16,20.21,Regular,5921.2,22,6,2025,12,35.0
2025-06-13,Electronics,183.09,26.55,Regular,3595.72,35,6,2025,13,5.0
2025-06-14,Toys,507.54,29.76,Regular,8017.86,22,6,2025,14,23.0
2025-06-15,Electronics,404.68,0.5,Regular,5591.4,30,6,2025,15,13.0
2025-06-16,Electronics,154.91,23.2,Occasional,8276.73,39,6,2025,16,4.0
2025-06-17,Electronics,373.86,48.17,Premium,6351.44,34,6,2025,17,11.0
2025-06-18,Home Decor,77.49,25.95,Premium,7865.61,32,6,2025,18,2.0
2025-06-19,Home Decor,35.55,33.88,Regular,6025.77,33,6,2025,19,1.0
2025-06-20,Electronics,143.81,15.59,Regular,4200.0,26,6,2025,20,6.0
2025-06-21,Toys,963.48,38.7,Occasional,9583.66,26,6,2025,21,37.0
2025-06-22,Sports,554.03,38.65,Occasional,5457.03,31,6,2025,22,18.0
2025-06-23,Sports,966.16,26.06,Regular,6090.39,28,6,2025,23,35.0
2025-06-24,Fashion,438.17,48.8,Premium,2282.83,29,6,2025,24,15.0
2025-06-25,Toys,318.7,6.28,Premium,6293.94,27,6,2025,25,12.0
2025-06-26,Home Decor,511.08,0.85,Premium,5758.92,24,6,2025,26,21.0
2025-06-27,Electronics,445.12,38.51,Regular,1929.9,27,6,2025,27,16.0
2025-06-28,Fashion,114.61,40.36,Premium,689.91,40,6,2025,28,3.0
2025-06-29,Sports,644.42,6.01,Occasional,6083.16,32,6,2025,29,20.0
2025-06-30,Home Decor,223.88,13.28,Occasional,7660.55,31,6,2025,30,7.0
2025-07-01,Home Decor,623.39,0.88,Regular,5281.67,38,7,2025,1,16.0
2025-07-02,Electronics,653.7,14.67,Occasional,2345.05,36,7,2025,2,18.0
2025-07-03,Sports,160.5,38.66,Regular,6698.57,36,7,2025,3,4.0
2025-07-04,Toys,70.74,25.9,Premium,893.05,22,7,2025,4,3.0
2025-07-05,Home Decor,782.95,17.4,Premium,4474.15,27,7,2025,5,29.0
2025-07-06,Electronics,465.2,18.59,Premium,1717.33,31,7,2025,6,15.0
2025-07-07,Toys,67.58,0.07,Occasional,1926.14,24,7,2025,7,3.0
2025-07-08,Sports,994.92,14.99,Regular,2102.71,38,7,2025,8,26.0
2025-07-09,Home Decor,67.2,32.32,Premium,3928.4,35,7,2025,9,2.0
2025-07-10,Toys,698.08,48.71,Regular,606.39,32,7,2025,10,22.0
2025-07-11,Toys,983.84,42.35,Premium,4038.16,27,7,2025,11,36.0
2025-07-12,Toys,246.79,1.18,Occasional,5165.9,38,7,2025,12,6.0
2025-07-13,Home Decor,150.83,44.93,Occasional,4884.61,11,7,2025,13,14.0
2025-07-14,Home Decor,130.17,39.16,Regular,3889.56,32,7,2025,14,4.0
2025-07-15,Fashion,310.24,39.02,Occasional,8407.55,26,7,2025,15,12.0
2025-07-16,Sports,110.04,22.9,Occasional,1538.73,23,7,2025,16,5.0
2025-07-17,Electronics,695.24,19.9,Regular,5106.4,37,7,2025,17,19.0
2025-07-18,Toys,71.67,15.15,Premium,714.21,31,7,2025,18,2.0
2025-07-19,Fashion,514.33,3.28,Occasional,804.44,20,7,2025,19,26.0
2025-07-20,Electronics,996.73,11.41,Regular,5781.27,24,7,2025,20,42.0
2025-07-21,Fashion,815.83,12.33,Occasional,5703.58,33,7,2025,21,25.0
2025-07-22,Home Decor,619.07,24.2,Occasional,8792.53,25,7,2025,22,25.0
2025-07-23,Toys,313.19,37.37,Occasional,5622.95,20,7,2025,23,16.0
2025-07-24,Electronics,627.66,23.69,Occasional,9601.93,35,7,2025,24,18.0
2025-07-25,Electronics,531.77,2.89,Regular,582.08,41,7,2025,25,13.0
2025-07-26,Electronics,431.82,47.89,Regular,1070.28,25,7,2025,26,17.0
2025-07-27,Electronics,139.4,47.14,Regular,536.25,35,7,2025,27,4.0
2025-07-28,Electronics,887.74,39.26,Occasional,1934.24,40,7,2025,28,22.0
2025-07-29,Fashion,455.29,49.57,Occasional,5458.57,28,7,2025,29,16.0
2025-07-30,Toys,202.68,27.22,Occasional,6491.16,22,7,2025,30,9.0
2025-07-31,Home Decor,374.08,48.14,Regular,551.29,20,7,2025,31,19.0
2025-08-01,Home Decor,419.99,3.78,Occasional,9465.11,31,8,2025,1,14.0
2025-08-02,Home Decor,829.26,18.28,Premium,8437.44,20,8,2025,2,41.0
2025-08-03,Home Decor,736.28,11.27,Occasional,3036.46,21,8,2025,3,35.0
2025-08-04,Fashion,771.61,9.79,Premium,864.16,34,8,2025,4,23.0
2025-08-05,Sports,20.92,7.04,Occasional,1781.88,25,8,2025,5,1.0
2025-08-06,Toys,421.99,31.12,Regular,1356.75,42,8,2025,6,10.0
2025-08-07,Electronics,486.53,39.07,Occasional,1320.51,19,8,2025,7,26.0
2025-08-08,Sports,29.0,28.91,Premium,5233.76,38,8,2025,8,1.0
2025-08-09,Home Decor,267.22,7.35,Premium,2533.89,28,8,2025,9,10.0
2025-08-10,Sports,762.69,40.56,Occasional,3645.58,41,8,2025,10,19.0
2025-08-11,Toys,145.74,31.8,Premium,9896.1,15,8,2025,11,10.0
2025-08-12,Electronics,539.96,19.41,Premium,6874.71,29,8,2025,12,19.0
2025-08-13,Electronics,223.05,33.71,Regular,9494.91,28,8,2025,13,8.0
2025-08-14,Toys,22.0,13.0,Occasional,1511.31,23,8,2025,14,1.0
2025-08-15,Toys,248.79,17.26,Occasional,3883.18,20,8,2025,15,12.0
2025-08-16,Home Decor,976.12,45.87,Occasional,5591.84,33,8,2025,16,30.0
2025-08-17,Electronics,803.52,14.53,Premium,859.9,38,8,2025,17,21.0
2025-08-18,Sports,959.98,23.5,Occasional,141.46,18,8,2025,18,53.0
2025-08-19,Fashion,492.98,44.51,Occasional,6737.3,28,8,2025,19,18.0
2025-08-20,Fashion,118.64,35.39,Regular,6454.01,26,8,2025,20,5.0
2025-08-21,Toys,552.48,3.11,Regular,4166.81,30,8,2025,21,18.0
2025-08-22,Home Decor,459.83,7.37,Regular,4947.48,27,8,2025,22,17.0
2025-08-23,Fashion,845.91,0.39,Premium,4212.89,38,8,2025,23,22.0
2025-08-24,Electronics,107.1,31.55,Occasional,337.65,23,8,2025,24,5.0
2025-08-25,Toys,493.36,22.38,Regular,3420.18,35,8,2025,25,14.0
2025-08-26,Sports,158.55,6.71,Regular,1853.11,31,8,2025,26,5.0
2025-08-27,Toys,331.43,47.9,Regular,1074.4,26,8,2025,27,13.0
2025-08-28,Sports,739.98,26.48,Occasional,9571.53,19,8,2025,28,39.0
2025-08-29,Toys,481.26,12.09,Occasional,6033.66,27,8,2025,29,18.0
2025-08-30,Toys,382.13,25.03,Occasional,7313.7,26,8,2025,30,15.0
2025-08-31,Toys,400.53,33.98,Premium,3222.1,30,8,2025,31,13.0
2025-09-01,Sports,464.85,3.81,Premium,3992.16,23,9,2025,1,20.0
2025-09-02,Sports,787.17,13.74,Regular,2445.55,19,9,2025,2,41.0
2025-09-03,Toys,893.16,40.35,Occasional,1059.96,29,9,2025,3,31.0
2025-09-04,Fashion,955.78,22.98,Regular,1872.41,27,9,2025,4,35.0
2025-09-05,Home Decor,789.03,27.33,Occasional,7995.39,43,9,2025,5,18.0
2025-09-06,Home Decor,322.25,21.64,Occasional,6807.7,30,9,2025,6,11.0
2025-09-07,Home Decor,691.25,2.19,Occasional,5514.6,46,9,2025,7,15.0
2025-09-08,Sports,443.23,8.29,Premium,4803.39,36,9,2025,8,12.0
2025-09-09,Sports,262.12,22.28,Premium,9232.1,32,9,2025,9,8.0
2025-09-10,Fashion,842.46,10.46,Occasional,820.08,23,9,2025,10,37.0
2025-09-11,Home Decor,48.04,2.5,Regular,2877.95,21,9,2025,11,2.0
2025-09-12,Home Decor,902.74,42.18,Occasional,3564.38,36,9,2025,12,25.0
2025-09-13,Toys,466.86,49.06,Occasional,7846.02,23,9,2025,13,20.0
2025-09-14,Sports,640.83,39.66,Regular,9925.89,34,9,2025,14,19.0
2025-09-15,Home Decor,662.76,42.69,Occasional,2482.64,21,9,2025,15,32.0
2025-09-16,Fashion,896.17,12.1,Regular,8755.64,23,9,2025,16,39.0
2025-09-17,Fashion,640.3,48.03,Premium,8323.17,33,9,2025,17,19.0
2025-09-18,Home Decor,617.79,9.85,Premium,2324.11,26,9,2025,18,24.0
2025-09-19,Sports,75.99,47.57,Regular,4053.39,42,9,2025,19,2.0
2025-09-20,Fashion,523.22,49.74,Premium,4155.76,35,9,2025,20,15.0
2025-09-21,Toys,158.67,35.59,Premium,9784.38,26,9,2025,21,6.0
2025-09-22,Fashion,740.06,49.06,Regular,1890.83,34,9,2025,22,22.0
2025-09-23,Electronics,517.1,28.48,Premium,8011.66,21,9,2025,23,25.0
2025-09-24,Electronics,683.43,12.98,Occasional,3408.51,19,9,2025,24,36.0
2025-09-25,Sports,51.26,21.85,Occasional,7335.62,26,9,2025,25,2.0
2025-09-26,Home Decor,93.94,29.68,Regular,4258.11,39,9,2025,26,2.0
