Price,Discount,Customer_Segment,Marketing_Spend,Units_Sold,Month,year,Day,Product_Category_Electronics,Product_Category_Fashion,Product_Category_Home Decor,Product_Category_Sports,Product_Category_Toys
1.4761385041250337,0.7552452215695479,0,0.6577774021789793,32,1,2023,1,0,0,0,1,0
0.2217811047309977,-1.4771807355388515,2,0.6673505820610643,16,1,2023,2,0,0,0,0,1
0.671294848541147,-1.4799522140703334,2,-0.39409951181845854,27,1,2023,3,0,0,1,0,0
1.4432363076694983,-1.6843487557670986,2,1.5884574362122725,29,1,2023,4,0,0,0,0,1
0.7075114320478173,1.5873816506468872,2,-1.111587858919183,17,1,2023,5,0,0,0,0,1
-1.1884560606617196,0.8286894026538094,2,0.04956700909649224,27,1,2023,6,0,1,0,0,0
0.2599310806841631,-0.5030060317230821,0,0.7139097670725733,30,1,2023,7,0,0,1,0,0
0.36391997441351565,-0.6990881378254027,1,0.7357082991881819,27,1,2023,8,0,0,1,0,0
-0.26015148742306365,-0.5147848154818788,0,0.5666067762600057,32,1,2023,9,0,0,1,0,0
0.8073228170981357,0.9568702847348314,1,-0.7352400234664437,28,1,2023,10,0,0,0,0,1
1.483803024180783,0.5647060725301903,2,-1.15046525389286,26,1,2023,11,0,0,0,1,0
1.4537318666647583,-1.0850165233342104,1,0.5223264166288166,26,1,2023,12,0,0,1,0,0
-0.16886774405639426,-1.1231243531420818,0,0.3945713096814336,37,1,2023,13,0,0,0,0,1
-1.3227577859629085,-1.38572194399996,0,-1.069748343165214,28,1,2023,14,0,1,0,0,0
1.6563237751653697,0.5612417243658386,1,0.7636177463499336,27,1,2023,15,0,0,0,1,0
1.1575085239695908,0.9215339334584416,2,-0.10799950128060659,32,1,2023,16,0,1,0,0,0
-1.2837101635167274,-0.8085615398189245,2,0.6332809098758515,20,1,2023,17,0,0,0,1,0
1.4375742297904766,-1.6538624919208014,0,1.224683644975517,35,1,2023,18,0,0,0,0,1
1.2634653350105547,-1.4418443842624618,1,-1.1033178712947769,23,1,2023,19,1,0,0,0,0
0.06355364790442956,1.6261823500876293,2,-1.6283916426198195,17,1,2023,20,0,0,0,1,0
0.3111314556511718,-0.7032453556226251,2,1.021523016285839,23,1,2023,21,0,1,0,0,0
-0.34604935183163904,0.9381628046473311,0,0.4308176651510938,24,1,2023,22,0,0,0,0,1
-1.522656754984473,0.43721806008203845,2,0.744439687314631,35,1,2023,23,0,0,0,1,0
-0.5641083999042122,-0.4032328045897457,1,1.2274309151403535,32,1,2023,24,1,0,0,0,0
1.0342892803706336,-1.0143438207814306,0,1.1041911932587665,34,1,2023,25,1,0,0,0,0
-1.69396913569,-1.3060419362198652,0,1.6555049167992373,29,1,2023,26,0,0,1,0,0
-0.569943102108814,0.4039603177042596,1,0.17361682346258242,25,1,2023,27,0,0,1,0,0
-0.34888039077114996,0.9568702847348314,0,0.00819946026827705,29,1,2023,28,0,1,0,0,0
0.12697582512249753,0.5044264144704665,2,-0.2937994958132583,29,1,2023,29,0,0,0,1,0
1.4342253178742257,0.11087646300008425,2,-1.1592389077141527,25,1,2023,30,0,0,0,1,0
-0.5260274736812788,-1.5811111804694102,1,0.3014881610707854,37,1,2023,31,0,0,1,0,0
-0.5239559817743195,1.6282609589862405,2,-0.7292277283749354,19,2,2023,1,0,0,0,1,0
0.8109479279353142,1.0407075103121488,1,1.5173771039089772,26,2,2023,2,0,0,0,1,0
-0.16413783753550404,-0.7122526608499401,1,0.33839315695175903,30,2,2023,3,1,0,0,0,0
-0.9421211480591529,1.668447397692723,2,0.3720401721885352,34,2,2023,4,0,0,1,0,0
-0.16337829050295224,0.3582309219348138,1,-0.45755440834371347,32,2,2023,5,0,0,0,0,1
-1.2283668047358005,0.291022567546386,2,-1.5138656981584966,30,2,2023,6,0,0,1,0,0
-1.1069428541228745,0.8647186235630695,0,-1.5844599749710901,35,2,2023,7,0,0,0,0,1
-0.006428253685675826,1.0857440364487245,0,-0.21901034878743297,26,2,2023,8,1,0,0,0,0
-0.2779317929577968,0.5473843317084306,1,-1.400273121124971,34,2,2023,9,0,1,0,0,0
1.4171009847766964,-1.2831772383351423,2,0.42087818258036386,38,2,2023,10,0,0,0,1,0
-0.47116746301197565,-0.5549712541883614,2,1.3767344821755199,43,2,2023,11,1,0,0,0,0
0.27460414835845753,1.4883012931464212,0,1.3835075597742141,24,2,2023,12,0,0,0,1,0
0.4512333582918468,-0.9485212056587434,0,0.6028918752832728,31,2,2023,13,0,1,0,0,0
-1.665071823587919,-0.437183416600395,2,-0.9585966100089086,18,2,2023,14,0,1,0,0,0
0.558122340690942,-0.23001539637214796,1,1.3140544567223986,34,2,2023,15,1,0,0,0,0
-1.1012807762438526,-0.2043792199559437,0,1.394591738246959,16,2,2023,16,0,1,0,0,0
1.5750867675474525,0.39703162137555564,1,-1.0094316744820995,36,2,2023,17,0,0,0,0,1
-1.2016790840011424,1.5402665156117006,1,0.876199468848449,33,2,2023,18,0,1,0,0,0
-0.2926393854972072,-0.8930916350291123,0,-0.6960773350525721,41,2,2023,19,0,0,0,1,0
-1.4180809385481485,-1.305349066586995,1,1.1035959513897187,31,2,2023,20,0,0,0,1,0
1.697477414383626,-1.0427514757291168,1,1.7821435049745005,25,2,2023,21,0,0,0,1,0
0.006656670193283282,1.3462630184079913,2,-1.5904476150739395,36,2,2023,22,0,0,0,1,0
0.32518307575337824,0.5106622411662998,1,1.4338953123103095,49,2,2023,23,0,0,0,0,1
-1.4805364195429687,-0.7358102283675334,2,0.4759151615492602,23,2,2023,24,0,0,1,0,0
0.8535170866233261,1.1002942987390023,0,1.6989610953809753,32,2,2023,25,1,0,0,0,0
-0.9923548268029139,1.2575757054005812,0,-0.07369736777375376,23,2,2023,26,0,0,0,1,0
1.3596861340888102,1.2063033525681721,2,1.259626808187498,28,2,2023,27,0,1,0,0,0
-1.0086505631376599,1.4571221596672541,0,-1.4775841212764667,34,2,2023,28,0,0,0,1,0
-1.058055645118637,-0.8529051963226295,1,-0.5260565332615468,24,3,2023,1,0,1,0,0,0
-1.5849050867885972,0.8889690607135333,1,-1.461466802976091,13,3,2023,2,0,1,0,0,0
-0.09629647758258965,-0.1309350388716821,1,1.7057975715219345,22,3,2023,3,0,0,0,1,0
0.2207798836426342,1.1903673510121535,0,1.1535751355423256,41,3,2023,4,0,0,0,0,1
-1.4852318011987429,0.7968173995417714,1,1.2776179056259418,18,3,2023,5,0,1,0,0,0
0.9408995202318888,0.9631061114306652,0,1.5754642571890898,24,3,2023,6,0,1,0,0,0
-0.16047820183320943,0.5466914620755603,1,-1.3983993419869027,27,3,2023,7,0,0,0,1,0
0.08254232371822237,-1.112038439016156,2,-0.3505975454006396,27,3,2023,8,0,1,0,0,0
-0.2032890345770331,0.1614559461996228,0,-1.4474522029941868,39,3,2023,9,0,1,0,0,0
-0.3400075004363413,1.6843833992487418,0,-0.9601287414469906,37,3,2023,10,0,0,0,1,0
0.20299957810790065,1.5208661658913296,1,-0.8953671305228197,33,3,2023,11,0,0,0,1,0
-1.179203396810635,-1.576953962672188,0,-0.059408040775365774,24,3,2023,12,1,0,0,0,0
-1.0879887031741975,-1.1556892258869902,0,-0.7586904398221912,34,3,2023,13,0,0,0,0,1
1.235741868322417,-1.270012715310605,2,-1.3430453703066791,34,3,2023,14,0,0,0,0,1
1.5239554423106758,0.7885029639473264,2,-1.1111194141346659,31,3,2023,15,0,1,0,0,0
-0.4338460838215938,1.106530125434836,1,-1.1816080267101505,35,3,2023,16,0,0,0,0,1
-0.7844115642093247,-0.986629035466615,2,1.6978938865861732,33,3,2023,17,0,1,0,0,0
0.49135125155662324,0.02565349815702613,1,0.9524467823463797,24,3,2023,18,1,0,0,0,0
-0.3127673818598277,1.1862101332149309,1,1.6793603793972363,23,3,2023,19,0,0,0,1,0
-1.6230550627417628,0.81206053146492,1,-0.16180725295780007,40,3,2023,20,0,0,0,1,0
-1.1760961589501964,0.1517557713394373,0,-0.7244974926936846,15,3,2023,21,0,0,0,1,0
0.7373409155080299,0.31873735286120153,2,1.088436655505799,31,3,2023,22,0,0,0,0,1
0.5423444773329362,0.03466080338434139,1,-0.5575268652138755,32,3,2023,23,1,0,0,0,0
-1.617185835672045,-0.6956237896610508,2,-0.6512193442585196,39,3,2023,24,0,0,0,0,1
-0.9511321378544255,0.2307429094866619,1,-0.8844167934170792,27,3,2023,25,0,0,0,0,1
-0.9200252343849213,0.6596292122334337,2,-1.2429672491994082,34,3,2023,26,1,0,0,0,0
0.5866744041418631,1.2991478833728047,2,-0.8008821696998571,34,3,2023,27,1,0,0,0,0
-1.6424580369369475,0.477404498788521,1,-0.45617372897882114,33,3,2023,28,1,0,0,0,0
-1.3539682640277608,0.9104480193325155,0,0.6550160434491946,34,3,2023,29,1,0,0,0,0
1.0242770694869971,-1.1723180970758798,2,-1.4769888794074186,33,3,2023,30,0,0,0,1,0
-1.0995545329880534,-0.12747069070733033,0,-0.9611255074170532,25,3,2023,31,0,0,1,0,0
0.5212497847470682,-1.6940489306272841,0,1.1258523618661331,31,4,2023,1,0,0,1,0,0
-0.8957197293432665,-0.8723055460430005,1,-1.18284077614309,22,4,2023,2,1,0,0,0,0
-1.3699187517113467,0.7898887032130674,1,-0.5003695572203232,35,4,2023,3,0,0,1,0,0
-0.878664445975969,1.7093267060320763,1,1.3198483790572149,29,4,2023,4,0,0,1,0,0
0.7588499064752898,-1.3829504654684786,2,-1.154934851122575,34,4,2023,5,1,0,0,0,0
1.214923374657477,-0.3360244502013179,1,-1.406651718905124,31,4,2023,6,0,0,1,0,0
1.127851664834958,1.0448647281093713,1,-0.005600289098171955,27,4,2023,7,0,0,0,0,1
-0.35226382755251673,-1.0198867778443939,2,-0.6406353098414242,31,4,2023,8,0,1,0,0,0
0.5736585299931362,0.19609942784314235,2,0.26941202082569765,28,4,2023,9,0,1,0,0,0
-1.0092029609795155,0.8127534010977902,1,1.1076569802359453,37,4,2023,10,1,0,0,0,0
-0.7078354133820657,0.40742466586861165,1,-1.2169210147520135,32,4,2023,11,0,0,0,1,0
1.3538169070190924,-1.075316348474025,1,0.3297040345201535,18,4,2023,12,1,0,0,0,0
-1.6653825473739627,-0.4953844657615078,1,0.06752288512256614,28,4,2023,13,0,0,0,1,0
-1.4175630655714084,0.9887422878468695,0,-1.192755603725161,35,4,2023,14,0,1,0,0,0
-0.9992597998261112,0.19332794931166086,0,0.48068766292535486,35,4,2023,15,1,0,0,0,0
-1.6191192281185403,-1.7085991929175621,1,-0.740984635823942,18,4,2023,16,0,0,0,0,1
-1.089680421564881,0.9097551496996448,0,0.005892457758061828,31,4,2023,17,0,0,1,0,0
0.28299369058164253,-1.6039758783541334,2,-1.4082683817328934,24,4,2023,18,0,0,0,1,0
-0.26940415127414813,0.8570970576014952,0,-0.09261478835752068,36,4,2023,19,0,0,1,0,0
1.3412843809819892,-1.025429734907357,0,-0.6265326563285957,22,4,2023,20,0,0,1,0,0
1.0841777104632344,1.59223173807698,1,1.172429157583827,29,4,2023,21,1,0,0,0,0
-0.541494613253241,-0.45173367889067323,0,-1.4964663204478639,30,4,2023,22,0,0,1,0,0
-0.8231139380043462,-0.5937719536291032,0,-0.2354974919176906,23,4,2023,23,0,0,0,0,1
-0.41202636906829004,-1.2111187965166215,0,-0.09663355150890361,22,4,2023,24,0,0,1,0,0
0.307782543734921,-0.6679090043462351,0,0.8328912201986636,39,4,2023,25,1,0,0,0,0
-0.7935951783301773,1.3102337974987308,2,0.3073490040891036,19,4,2023,26,0,0,0,0,1
0.42350989160370905,1.725262707588095,1,0.6313683871841766,28,4,2023,27,0,1,0,0,0
-0.3104542158970565,-0.45034793962493225,1,1.0143625031510788,40,4,2023,28,0,0,1,0,0
0.1770714044057945,-0.17250721684390563,2,1.3112860537101398,24,4,2023,29,1,0,0,0,0
-0.2191359476652712,0.7746455712899188,0,-0.6006871839317083,24,4,2023,30,0,1,0,0,0
-0.7033471809169876,1.34349153987651,2,0.1808935672581628,33,5,2023,1,0,1,0,0,0
1.5319652110175848,0.32774465808851655,0,1.234242736292654,29,5,2023,2,0,0,0,1,0
0.9001601793950245,-0.36997506221196713,2,1.7549913181786971,30,5,2023,3,0,0,0,0,1
-1.2309216447543836,-0.29722375076057606,1,1.4065353191815249,37,5,2023,4,0,0,1,0,0
1.2585628041640844,0.6831867797510273,1,-0.39986877916461555,37,5,2023,5,1,0,0,0,0
-0.043784157741173634,-1.7155278892462662,1,-1.0146162663829195,22,5,2023,6,0,0,0,1,0
1.3477405307586787,0.41989631926027865,0,0.011327121686706621,24,5,2023,7,0,0,0,0,1
1.0240699202963015,-0.4953844657615078,0,0.8908973642303255,19,5,2023,8,0,0,0,1,0
-0.25645732685565303,1.02477150875613,2,0.022400733735741092,22,5,2023,9,0,0,0,0,1
-1.633032748760283,-1.4044294240874609,2,-0.010334046920660075,46,5,2023,10,0,0,0,0,1
-0.791489161558102,0.31111578689962727,1,1.2276950757331262,34,5,2023,11,0,0,1,0,0
0.1414762684712122,-0.06026233631890224,0,-0.43495987230854966,30,5,2023,12,0,0,0,0,1
0.455376342105765,0.498883457407503,2,1.3028892690012028,33,5,2023,13,0,0,0,1,0
-0.8283617175019761,-1.5021240423221858,0,-0.2766501901304504,13,5,2023,14,0,0,0,0,1
-1.2335110096380826,0.2827081319519412,0,-0.5506234683894138,31,5,2023,15,0,0,1,0,0
1.143940251979008,0.2182712560949949,1,-0.11212040652786165,31,5,2023,16,0,0,1,0,0
1.654839205965382,0.21549977756351338,1,0.9634429072882007,47,5,2023,17,0,0,0,1,0
0.0869615064530686,0.3637738789977771,0,-1.2557878433019796,22,5,2023,18,0,1,0,0,0
-1.1230314412669244,0.6166712949954697,0,-1.0102488112490764,49,5,2023,19,0,1,0,0,0
-0.7790947349814629,1.0621864689311311,0,1.6224637098552195,24,5,2023,20,0,0,0,0,1
-1.6469462694020258,-0.7919326686300351,0,-1.083220533396625,32,5,2023,21,1,0,0,0,0
1.415236642060433,1.13147343221817,1,0.28447269675498227,35,5,2023,22,0,0,0,0,1
-1.3073596961211784,-0.0006755478920486567,2,0.32487517888426737,35,5,2023,23,0,0,0,1,0
0.26069062771671486,-1.459858994717092,1,0.012133692029972783,31,5,2023,24,0,0,0,1,0
-0.773121933316397,-1.5236030009411679,2,0.5530289217914856,34,5,2023,25,0,0,0,1,0
0.18435615094526778,-0.5688286468457692,0,-0.8937610341187611,22,5,2023,26,0,0,0,1,0
0.5167270274168737,0.9922066360112217,2,0.23194348234680867,38,5,2023,27,0,0,0,1,0
1.1261944713093908,0.7247589577232508,1,-0.3974068024399735,29,5,2023,28,0,0,1,0,0
-1.0042659052679292,1.005371159035759,1,0.6120353539344474,41,5,2023,29,0,1,0,0,0
-1.672218470666928,0.06514706723063843,0,-1.2027126970020758,24,5,2023,30,0,0,0,1,0
-1.241935076726383,-0.20160774142446192,1,0.29545825527309216,36,5,2023,31,1,0,0,0,0
1.3664184827864274,-1.2159688839467142,0,-1.0491226840815164,29,6,2023,1,1,0,0,0,0
1.2771026567313692,-0.589614735831881,1,-0.7235394702772285,22,6,2023,2,1,0,0,0,0
0.332122573641692,-0.2230867000434442,1,-0.9325221984316182,25,6,2023,3,1,0,0,0,0
0.3427217072322997,-1.4196725560106094,0,-1.0576075223213777,28,6,2023,4,0,0,1,0,0
0.5632665455932241,-0.9623785983161514,2,1.1840416572421182,34,6,2023,5,1,0,0,0,0
-1.110395340634473,0.3457592685431468,1,-0.6989091366070961,17,6,2023,6,0,0,0,1,0
1.4156164155767088,0.8217607063251054,2,1.5376611152926887,21,6,2023,7,0,0,0,0,1
-0.2784841907996527,1.7321914039167992,1,1.6869083280680637,27,6,2023,8,1,0,0,0,0
-0.40025339006373845,1.5063159036010514,1,0.29679314680190383,38,6,2023,9,0,0,1,0,0
0.06382984682535761,0.49957632704037375,1,-1.1965137284250082,26,6,2023,10,0,0,1,0,0
-1.5492754259888988,-0.26743035654714925,1,-0.3891262483918565,23,6,2023,11,1,0,0,0,0
-1.1414677192388614,0.477404498788521,2,1.0864818671192804,23,6,2023,12,0,0,0,0,1
0.8127432209213454,0.9949781145427031,2,-0.4140841411970273,24,6,2023,13,1,0,0,0,0
-1.4268157294224932,-1.316434980712921,1,-1.3917248843428442,28,6,2023,14,0,0,1,0,0
0.35173269702757237,-0.3062310559878911,1,0.24631734073488418,18,6,2023,15,0,1,0,0,0
-0.8712070751109158,1.1827457850505791,2,1.2517231232517374,42,6,2023,16,0,0,0,1,0
-0.3792277472081025,-0.3969969778939122,0,1.0801842785875777,45,6,2023,17,0,0,1,0,0
-0.723060878898216,0.2543004770042552,0,-1.084506114948119,23,6,2023,18,1,0,0,0,0
-0.4941264983141068,0.3097300476338865,2,0.6507295975638019,38,6,2023,19,0,0,0,1,0
0.7478709993684062,-1.087788001865692,1,-0.9262668755947592,22,6,2023,20,1,0,0,0,0
-0.694267141391483,-0.47182689824391455,1,-0.9342762247676293,43,6,2023,21,1,0,0,0,0
0.22613123773561203,-0.5674429075800285,0,1.3526712132445398,33,6,2023,22,0,1,0,0,0
-0.08269368072689082,-1.6358478814661714,0,-0.8245720916597188,24,6,2023,23,0,0,0,1,0
0.5585711639374499,-1.642776577794875,2,-0.7772239470111283,25,6,2023,24,0,0,0,1,0
1.492227091269084,1.154338130102893,0,-1.6928679601037957,37,6,2023,25,0,1,0,0,0
0.7940997937587126,-0.7808467545041088,2,1.3408051194171875,37,6,2023,26,0,0,1,0,0
-0.9751614439751524,0.06791854576211993,0,1.06856825678805,31,6,2023,27,1,0,0,0,0
-1.6032377901651862,-0.6914665718638284,0,0.49230016258364573,23,6,2023,28,0,0,0,0,1
-0.8134124509067538,1.5319520800172561,0,0.9209694061115771,34,6,2023,29,1,0,0,0,0
0.3241473297998988,-0.8286547591721658,1,-1.1649659093654663,38,6,2023,30,1,0,0,0,0
-1.5340499604727484,-0.23832983196659271,1,-0.09701042062125964,34,7,2023,1,0,0,1,0,0
-0.013264176978641297,1.2970692744741936,1,-0.4704736224009201,18,7,2023,2,1,0,0,0,0
0.33015465633008056,1.1903673510121535,0,-1.3681547151850395,24,7,2023,3,0,1,0,0,0
-0.5673882620902312,-1.0815521751698585,2,-4.939450870717191e-05,29,7,2023,4,0,1,0,0,0
0.925121656873883,1.0538720333366864,2,1.5153976605337998,38,7,2023,5,0,0,0,1,0
-1.345475147209228,-0.13924947446612684,2,-1.5554621861671145,38,7,2023,6,0,0,0,0,1
-1.4529855771804112,-0.053333639990198474,2,-0.6788470201213138,24,7,2023,7,1,0,0,0,0
0.7791160022983742,-1.2644697582476416,1,-0.9714665140887977,25,7,2023,8,1,0,0,0,0
-0.016233315378616022,-1.4473873413254248,1,-0.8647491567498377,34,7,2023,9,0,0,1,0,0
0.6431225586065018,0.7954316602760304,0,1.472490935985029,31,7,2023,10,0,1,0,0,0
-0.2235896552652334,-0.006911374587882165,0,-0.06302880196697104,18,7,2023,11,0,0,0,0,1
-0.8676164891388533,-0.21338652518325868,2,-0.06919959341414297,39,7,2023,12,0,0,0,1,0
1.0898397883422564,0.8009746173389934,1,0.9569199017173318,26,7,2023,13,0,1,0,0,0
1.0225508262311978,0.925691151255664,2,-1.1564458497132353,38,7,2023,14,0,0,0,1,0
0.6646315495737617,-1.1757824452402317,0,0.0039094922416475705,38,7,2023,15,0,0,1,0,0
-0.7796471328233185,0.3873314465153704,0,-0.1958240930244582,26,7,2023,16,0,0,1,0,0
0.3075753945442252,-1.2575410619189378,2,0.38623440137352516,20,7,2023,17,1,0,0,0,0
-0.47603546899332966,0.8764974073218663,0,1.7902303412545844,38,7,2023,18,0,0,0,0,1
-1.3967790967715845,0.5494629406070418,2,0.987858390342878,33,7,2023,19,0,0,0,1,0
1.4255250518649971,1.5873816506468872,1,-0.3078211400776366,24,7,2023,20,0,1,0,0,0
-1.2421767507821952,-1.4875737800319075,2,1.1904660428583518,31,7,2023,21,0,0,1,0,0
1.5380415872779984,-1.529145958004131,1,-1.0999013942949156,32,7,2023,22,1,0,0,0,0
-0.18537062958183592,-0.7489747513920709,1,-1.5889225279183314,24,7,2023,23,1,0,0,0,0
-1.0770443209324296,-0.8196474539448507,0,-0.9822513105564004,28,7,2023,24,0,0,0,1,0
0.14237391496422783,-0.8709198067772597,0,-0.5081605336365012,41,7,2023,25,0,0,1,0,0
1.2738918442755827,1.412778503163549,0,0.0852075562733935,43,7,2023,26,0,0,0,0,1
0.792891423479653,-0.8619125015499446,2,0.4497597407235195,34,7,2023,27,0,0,1,0,0
1.0469944307333168,-0.7843111026684608,2,1.4800635396445148,18,7,2023,28,0,0,0,1,0
0.5418956540864284,0.9042121926366818,0,0.08267161458277503,27,7,2023,29,0,0,0,1,0
0.656345581945925,-0.16834999904668338,2,0.05276159119842411,37,7,2023,30,0,0,1,0,0
1.1926893615227816,0.9644918506964061,0,-1.5199519582159813,33,7,2023,31,0,0,0,1,0
-0.8564649577063894,-1.5000454334235747,2,-1.5734145400519517,41,8,2023,1,0,0,1,0,0
-0.036982759313324315,-0.03739763843417945,1,0.22670253618619698,30,8,2023,2,0,1,0,0,0
-0.9537215027381245,-1.610211705049967,1,-0.16725248331015602,35,8,2023,3,0,0,1,0,0
1.6659907373978458,-1.5097456082837601,0,1.2310094106371152,27,8,2023,4,0,0,1,0,0
1.5169468946921305,1.4134713727964192,2,-1.134869212495556,39,8,2023,5,0,0,0,1,0
-1.5750655002305407,-1.2443765388944004,2,-1.6080724098237384,33,8,2023,6,0,0,0,1,0
0.7018148293036796,0.11780515932878825,1,-0.1293859428714897,33,8,2023,7,1,0,0,0,0
1.4526615958461628,-0.30276670782353904,1,-0.867077292107475,29,8,2023,8,1,0,0,0,0
-1.0926150350997397,-0.5230992510763234,0,-1.5221462522066136,24,8,2023,9,0,1,0,0,0
0.23141354209835793,1.3906066749116965,1,0.8314682751389276,29,8,2023,10,1,0,0,0,0
1.4192760512790037,-1.65109101338932,0,-1.3060311880473594,29,8,2023,11,0,0,1,0,0
-1.5937779771234057,0.5730205081246349,1,0.4260134645038664,34,8,2023,12,0,0,0,1,0
0.6739532631550783,1.6109392181644808,1,-0.7151497298507656,30,8,2023,13,1,0,0,0,0
-0.6934730694938153,0.21411403829777262,2,-1.0901802844808781,34,8,2023,14,1,0,0,0,0
1.449726982311304,1.518787556992719,1,-0.3709836988802231,38,8,2023,15,0,1,0,0,0
1.6092318591471635,-1.5457748291930204,1,1.099429258306383,33,8,2023,16,0,1,0,0,0
1.5176373919944504,-0.27574479214159375,0,-0.32794665510568427,23,8,2023,17,0,0,1,0,0
-0.08897720617800041,-0.8251904110078139,1,0.9227269545888251,29,8,2023,18,0,0,0,1,0
1.2366049899503166,0.8051318351362159,0,-1.2575876574740714,34,8,2023,19,0,1,0,0,0
1.1768079235694275,1.6726046154899457,1,0.9994462350125098,23,8,2023,20,1,0,0,0,0
-0.6191410348990953,-0.8376620643994809,1,-0.8689792483754389,44,8,2023,21,0,0,0,1,0
1.1233979572349957,0.5397627657468563,0,0.6668680487115992,23,8,2023,22,0,0,0,1,0
-1.5833169429932619,-1.0406728668305054,2,0.2776890527325776,38,8,2023,23,1,0,0,0,0
0.3282212638835851,0.23212864875240266,0,1.544705397766629,37,8,2023,24,0,1,0,0,0
-0.9236503452221,-0.11915625511288556,0,-0.34458525030913156,17,8,2023,25,1,0,0,0,0
-1.297727258753818,1.6407326123779076,0,-1.46443244589762,26,8,2023,26,0,0,0,1,0
-1.4468056263246496,0.3817884894524071,2,-1.6283528990662128,37,8,2023,27,0,0,0,0,1
0.6700864782620878,-0.5154776851147491,1,1.188042809687316,21,8,2023,28,0,0,0,0,1
-0.5481233873555104,-1.3316781126360697,0,0.13456332142705688,29,8,2023,29,0,0,1,0,0
0.7674120730240547,-1.202804360922177,0,1.008068436760613,26,8,2023,30,1,0,0,0,0
-1.4864401714778026,-0.9457497271272619,2,-0.8777247250668359,29,8,2023,31,1,0,0,0,0
-0.6321569090478225,-0.8570624141198518,0,-0.49186710827427715,33,9,2023,1,0,0,1,0,0
0.13415699706662296,1.2201607452255803,1,-1.590176410198693,29,9,2023,2,0,0,1,0,0
0.9928594422314494,0.21757838646212438,2,1.6574984487393625,31,9,2023,3,0,0,1,0,0
-0.620349405178155,0.0866260258496207,1,0.6336542568469705,30,9,2023,4,0,0,0,1,0
0.42944816840365885,-1.3289066341045879,1,1.5588644055392489,35,9,2023,5,1,0,0,0,0
1.3184289202752058,1.2534184876033587,2,-0.7693836606176327,23,9,2023,6,0,0,0,1,0
0.39516497734348405,0.7774170498214004,0,0.43697789017455463,30,9,2023,7,0,0,1,0,0
-0.9135690846082318,-1.4924238674620003,1,0.6707283155073185,41,9,2023,8,1,0,0,0,0
-1.6264039746580135,0.725451827356121,1,-0.5878771562528478,19,9,2023,9,0,0,0,1,0
1.2641558323128743,0.15660585876953007,1,1.2621416170306952,30,9,2023,10,0,0,0,1,0
-1.6371066828439693,-1.4432301235282026,1,1.607529831010466,29,9,2023,11,0,0,1,0,0
1.2798646459406486,-0.13855660483325635,2,1.3902735930904335,40,9,2023,12,1,0,0,0,0
0.09807851302041648,-0.04779068292723522,2,0.8819194262172886,30,9,2023,13,0,0,1,0,0
1.4998916113248328,-1.1522248777226385,1,-0.7276498091007728,27,9,2023,14,1,0,0,0,0
1.0204102845940066,1.549273820839016,0,-0.7131738086168253,23,9,2023,15,0,0,0,0,1
1.7010680003556888,1.218082136326969,1,1.6640144100277574,35,9,2023,16,0,1,0,0,0
-0.5111127319511725,0.5910351185792654,0,-1.6592843434092852,35,9,2023,17,0,1,0,0,0
0.9124165065111997,-0.12539208180871908,1,0.8016603938504487,35,9,2023,18,0,1,0,0,0
-0.33603714094800274,-0.2999952292920576,0,0.767478013145653,9,9,2023,19,0,0,1,0,0
-0.0696087568479319,0.5286768516209298,1,0.4761229678822415,27,9,2023,20,0,0,0,0,1
0.43497214682221685,0.16284168546536357,0,1.7572842321239648,28,9,2023,21,1,0,0,0,0
1.276377634563934,-1.511131347549501,1,-0.6076469350159613,14,9,2023,22,0,0,0,1,0
1.6537344102816707,0.049211065674619414,1,-0.5096926650745833,22,9,2023,23,1,0,0,0,0
0.9161106670786104,1.0670365563612239,0,-1.419891447814895,22,9,2023,24,0,0,0,1,0
-0.2819021524461354,-0.13578512630177483,2,-0.15114573143349147,31,9,2023,25,1,0,0,0,0
-0.26964582532996,-1.5464676988258907,0,-0.7848916484840124,26,9,2023,26,0,0,0,0,1
0.8112241268562422,0.9970567234413145,2,-0.497784305552387,26,9,2023,27,0,0,0,1,0
-0.8936827623014234,-1.0288940830717088,1,1.2149378801728206,25,9,2023,28,0,0,1,0,0
-1.332217599004689,-0.830733368070777,0,1.5668138783110905,19,9,2023,29,1,0,0,0,0
-0.49771708428616956,-1.1556892258869902,0,-1.0475095433949841,14,9,2023,30,1,0,0,0,0
-0.7280324594749181,-0.582686039503177,0,-0.3962374515492993,31,10,2023,1,0,0,0,1,0
-0.6970291306007619,0.895204887409367,2,1.5429126278770111,32,10,2023,2,0,0,1,0,0
-0.9113594932408084,0.07276863319221269,2,-1.4796269631939096,39,10,2023,3,0,0,1,0,0
-1.5659509358399204,-1.0171152993129122,1,-1.373092757199272,28,10,2023,4,0,0,0,0,1
-1.6487070375229411,1.3143910152959533,2,-1.127507937310288,23,10,2023,5,0,0,1,0,0
1.6661978865885418,1.3206268419917866,2,0.3803136819541781,35,10,2023,6,0,0,1,0,0
-0.24768801111619232,1.2894477085126193,1,-1.1704604496951396,30,10,2023,7,0,0,1,0,0
-0.3962139808451679,-0.8993274617249457,0,1.6804592874631707,37,10,2023,8,0,1,0,0,0
0.6131895005509412,-0.1634999116165906,0,-0.13749038985775788,36,10,2023,9,0,0,0,0,1
-0.9638372882171088,1.6857691385144828,1,0.05360690509529682,38,10,2023,10,1,0,0,0,0
1.5371094159198668,0.9478629795075166,0,-0.8350680725458899,30,10,2023,11,0,0,0,1,0
0.9778756507711109,-1.6323835333018193,2,-0.052944911605525335,26,10,2023,12,1,0,0,0,0
-1.4042019427715218,-1.5007383030564452,1,0.6128912342550309,19,10,2023,13,0,0,0,0,1
-0.28255812488333915,-0.11915625511288556,1,0.924146377507324,43,10,2023,14,0,0,0,1,0
1.2949865368614508,1.4231715476566047,1,0.9335293617626127,22,10,2023,15,0,0,0,0,1
1.5192255357897855,0.13997698758064078,0,0.31991248188137633,35,10,2023,16,0,0,1,0,0
-0.11224696526617561,-0.002061287157789409,1,1.458282618235091,37,10,2023,17,0,0,0,1,0
0.38680995998541495,-1.3614715068494965,1,1.155089656274223,36,10,2023,18,0,0,1,0,0
-1.1389128792202783,0.5487700709741715,1,0.9446205845178318,23,10,2023,19,1,0,0,0,0
1.6779708655930934,1.1217732573579846,0,-1.5012564325301434,15,10,2023,20,1,0,0,0,0
-0.9179882673430783,-0.40877576165270896,2,-1.6711645258015855,36,10,2023,21,0,0,0,1,0
1.5123896124968201,0.9603346328991836,1,-0.9543594741008333,38,10,2023,22,0,0,0,1,0
0.51065065115646,1.6144035663288325,2,0.6185055273867616,32,10,2023,23,0,0,0,0,1
0.3674069857902303,-1.0205796474772642,0,-0.2613323978908671,26,10,2023,24,0,0,0,0,1
0.042528005048793435,0.0866260258496207,0,-0.2919891152174555,33,10,2023,25,0,0,1,0,0
-0.9214062289895608,-0.7316530105703112,0,1.3893367035213995,29,10,2023,26,0,0,0,1,0
-1.1064595060112508,1.0199214213260372,0,1.4276082902023175,34,10,2023,27,1,0,0,0,0
-0.9562072930264756,0.27439369635749644,2,1.475076187652965,22,10,2023,28,0,0,0,0,1
-1.0725906133324674,0.471861541725558,1,-0.6006801396492344,22,10,2023,29,0,0,0,0,1
0.9547785160085155,1.0379360317806672,0,0.7145085310828581,39,10,2023,30,1,0,0,0,0
-0.5131151741278996,-0.3547319302888184,0,-0.7479831304618018,35,10,2023,31,0,0,0,0,1
-1.5121266711240968,1.443264767009846,2,-1.0305046455028921,41,11,2023,1,0,0,1,0,0
1.602534035314662,0.11988376822739925,2,-1.0513486773432816,28,11,2023,2,0,0,0,1,0
1.3109370245450367,-1.1792467934045838,0,-0.5022433363583914,27,11,2023,3,1,0,0,0,0
1.4611892375298117,0.6838796493838976,1,-0.19591919083785655,34,11,2023,4,0,0,0,1,0
1.6907450656860086,1.0213071605917776,1,1.2023074816970452,39,11,2023,5,0,0,0,0,1
-1.1154359709414072,-0.6291083049054933,0,-1.2770967977856493,36,11,2023,6,0,0,0,0,1
-0.35547464000830353,1.243025443110303,2,0.8674821692869478,18,11,2023,7,1,0,0,0,0
0.8818274760184353,1.412778503163549,0,0.15799260493538245,29,11,2023,8,0,0,1,0,0
0.6691543069039558,-0.7669893618467011,0,-0.6911040716259702,25,11,2023,9,0,1,0,0,0
-1.1837952038710613,1.68091905108439,2,0.023274224762509545,29,11,2023,10,1,0,0,0,0
1.0786537320446765,-1.2388335818314373,0,-0.6492716001544752,17,11,2023,11,0,1,0,0,0
-0.9426735459010088,-1.0268154741730977,0,0.3833427234179726,33,11,2023,12,0,1,0,0,0
-0.9448140875382,-1.0884808714985623,0,-0.1823695134992321,34,11,2023,13,0,0,1,0,0
0.12552578078762622,1.3705134555584553,2,-1.1218795556136099,29,11,2023,14,0,1,0,0,0
0.3168280583953096,0.5397627657468563,1,-1.2886318103367267,18,11,2023,15,0,1,0,0,0
0.27291242996777415,-1.199340012757825,1,0.21113819406002582,18,11,2023,16,0,0,1,0,0
-1.3971243454227444,-0.20091487179159168,2,1.4514954520714494,22,11,2023,17,0,1,0,0,0
1.2893244589824289,0.4046531873371301,1,-0.4957942957534989,14,11,2023,18,0,1,0,0,0
-0.8020192454184781,-1.4376871664652393,0,0.8607654459480454,38,11,2023,19,0,1,0,0,0
-1.2671382282610537,1.330327016851972,1,0.601553461613224,33,11,2023,20,1,0,0,0,0
1.3278887333169862,1.0573363815010381,0,1.5531092267580395,29,11,2023,21,1,0,0,0,0
1.5565469149801676,0.023574889258415124,1,1.1675474698293862,27,11,2023,22,1,0,0,0,0
1.2369157137363607,1.624103741189018,2,0.2805595978407085,32,11,2023,23,0,0,1,0,0
1.0570756913471848,-0.2792091403059458,1,0.5958652035155173,31,11,2023,24,0,0,0,0,1
0.529777426430717,1.6829976599830014,1,1.4374561971008866,30,11,2023,25,0,1,0,0,0
0.17299747032210822,0.5875707704149131,1,-0.30205539487271643,38,11,2023,26,0,1,0,0,0
-1.4124879103993586,0.471861541725558,2,-0.5556389975108594,37,11,2023,27,0,0,1,0,0
-0.31373407808307524,-1.151532008089768,1,-1.6574493078248238,46,11,2023,28,0,1,0,0,0
-0.43598662545878497,1.3289412775862317,2,1.1869720787512772,24,11,2023,29,1,0,0,0,0
-0.8219746174555185,-0.24595139792816698,0,1.0978090733373767,23,11,2023,30,0,0,0,0,1
0.7628202659636286,-1.1646965311143054,1,-1.3309221601690278,45,12,2023,1,0,0,0,1,0
-0.014921370504208534,-1.6829630165013578,2,0.31630933139595596,32,12,2023,2,0,1,0,0,0
-1.4327885310875588,0.21272829903203164,2,-0.07727938541175246,37,12,2023,3,1,0,0,0,0
-0.9572430389799553,0.10048341850702848,1,-1.2812177030329044,36,12,2023,4,0,0,0,1,0
0.6255494022624644,0.7656382660626037,0,1.7240176081407812,32,12,2023,5,0,0,0,0,1
-1.4496021403990444,1.3573489325339174,2,-0.9465191877073378,32,12,2023,6,0,0,0,1,0
1.199559809680863,-1.4515445591226472,1,-1.4607060204689055,21,12,2023,7,1,0,0,0,0
-0.017407160792559686,0.8072104440348272,0,0.3790386668263949,23,12,2023,8,0,0,0,1,0
-0.06719201628981286,-1.0773949573726362,2,0.8812220422523683,24,12,2023,9,0,0,1,0,0
0.31499824054416237,1.2464897912746549,2,-1.58201913109387,24,12,2023,10,0,0,0,1,0
1.108897513886281,1.1106873432320585,0,0.6017471793812574,23,12,2023,11,0,1,0,0,0
-0.5210213682394607,0.14690568390934455,0,0.16091246002083073,31,12,2023,12,0,1,0,0,0
0.6076309972672673,0.7337662629505656,1,-1.3350712425461788,30,12,2023,13,0,0,1,0,0
0.22381807177284105,-0.6374227404999379,1,-1.0935685843508434,16,12,2023,14,1,0,0,0,0
-0.797116714572008,-0.09421294832955153,2,0.2853356213580399,38,12,2023,15,0,1,0,0,0
1.2932948184707673,1.1196946484593733,0,-0.6617716794044823,21,12,2023,16,0,0,0,0,1
1.0157494278033488,-0.13578512630177483,0,1.576686440198318,14,12,2023,17,0,1,0,0,0
0.5407563335376007,-0.4870700301670631,0,1.1597353605657867,33,12,2023,18,0,1,0,0,0
1.1974537929087878,-0.014532940549456426,2,1.7344748454733458,36,12,2023,19,1,0,0,0,0
1.25455791981063,1.1425593463440962,0,-0.7896958491312399,31,12,2023,20,0,0,0,1,0
0.7113436920756919,-0.5653642986814171,0,1.6862003776794325,25,12,2023,21,0,1,0,0,0
1.151052374192901,-1.1245100924078228,2,-0.1914672043143261,47,12,2023,22,0,0,1,0,0
0.674125887480658,0.7400020896463994,1,-0.483375225751942,37,12,2023,23,0,0,0,1,0
0.6148812189416246,1.1349377803825218,1,-1.5195821333860993,43,12,2023,24,0,0,0,0,1
0.40459026552014815,-1.3781003780383858,2,-1.5111571715472665,43,12,2023,25,1,0,0,0,0
0.8629423747999907,-0.8958631135605937,0,0.717840476693032,31,12,2023,26,0,0,0,0,1
-1.1677066167270114,-1.2346763640342149,2,-0.09838405570367789,24,12,2023,27,0,0,0,1,0
1.3009593385265161,-0.5210206421777124,1,-0.9052854802461276,28,12,2023,28,0,0,0,1,0
1.27012863397794,-0.16627139014807213,1,0.4457198447247149,20,12,2023,29,0,0,0,1,0
-1.6098665642674557,0.867490102094551,2,-0.8134491696333668,33,12,2023,30,0,0,0,0,1
1.1127988236443875,0.5293697212538006,2,0.31900729158347507,20,12,2023,31,0,0,0,1,0
-1.2693478196284769,0.4247464066903714,1,-0.4426134852164859,28,1,2024,1,0,0,0,0,1
-0.5643845988251402,-0.5057775102545636,2,1.1765148414187125,31,1,2024,2,0,0,0,1,0
0.8314556978142106,1.1882887421135422,1,1.1665542260005606,32,1,2024,3,0,0,1,0,0
-1.1603528204573061,-0.09421294832955153,2,-0.030663846140451808,46,1,2024,4,0,0,0,1,0
1.0859730034492658,1.6656759191612416,2,-0.47186839033076033,25,1,2024,5,0,0,0,0,1
1.1343768643418795,0.47047580245981724,2,-0.4309305427334557,29,1,2024,6,0,1,0,0,0
0.024678649783828346,-1.2894130650309759,1,1.1143138271738189,33,1,2024,7,0,0,0,1,0
-1.6879963340249342,0.6159784253625994,2,-0.5508101418749733,38,1,2024,8,0,1,0,0,0
-0.7287229567772379,-0.6000077803249367,1,-0.9661727358096314,24,1,2024,9,0,0,1,0,0
0.3988246130457785,0.6513147766389892,1,-1.3998469420352975,44,1,2024,10,1,0,0,0,0
1.6438257739933824,-1.4854951711332964,2,-0.0678259583317244,14,1,2024,11,0,0,1,0,0
0.4497142642267432,-1.1210457442434707,2,-0.013990029524635177,32,1,2024,12,0,0,0,1,0
-0.8218019931299386,1.2381753556802102,1,1.2370357942935715,20,1,2024,13,0,1,0,0,0
0.4572061599569122,-0.9395139004314285,1,-0.9237062789154817,33,1,2024,14,0,1,0,0,0
0.13584871545730634,1.1730456101903937,0,-0.3666620315824607,26,1,2024,15,0,0,0,0,1
0.9556761625015312,-0.7593677958851267,1,1.1237003335703446,35,1,2024,16,0,1,0,0,0
-1.3441632023348205,0.500269196673244,0,1.1767613913053008,37,1,2024,17,0,0,0,0,1
0.8913563387904476,0.6783366923209345,0,-0.35403867738915945,27,1,2024,18,1,0,0,0,0
0.14019884846192066,0.049211065674619414,0,-0.09421736262034218,23,1,2024,19,0,0,0,1,0
1.58164649191949,-0.6686018739791055,2,-0.6376133126601037,24,1,2024,20,0,0,0,0,1
-0.541321988927661,-0.9900933836309669,2,1.5565961465826406,30,1,2024,21,1,0,0,0,0
0.452476253436022,-1.6115974443157075,1,-1.2814466422133075,38,1,2024,22,0,1,0,0,0
1.47582778033899,-0.6734519614091983,0,1.5607628396659763,34,1,2024,23,0,1,0,0,0
-1.3594577175812026,0.5362984175825041,2,0.6894414518993413,40,1,2024,24,1,0,0,0,0
1.4936080858737233,1.524330514055682,2,0.15840117331887124,18,1,2024,25,0,1,0,0,0
0.6413617904855865,1.2915263174112306,2,-1.5812689150103953,29,1,2024,26,1,0,0,0,0
-1.4779470546592697,0.9270768905214046,2,-0.03678180546906932,42,1,2024,27,0,0,0,0,1
-0.6811476926474079,1.0046782894028887,2,-0.2733605102151202,26,1,2024,28,0,0,0,0,1
0.7106877196384883,0.5771777259218573,0,-1.1329883890750139,18,1,2024,29,1,0,0,0,0
-1.479604248184837,-0.8251904110078139,0,0.5937026087960174,24,1,2024,30,0,0,0,0,1
0.2800245521816676,1.4162428513279008,0,1.6911771632472712,27,1,2024,31,0,0,0,0,1
-0.5276156174766141,0.5972709452750986,0,0.2651607963526747,19,2,2024,1,0,0,0,0,1
0.41246193476659343,0.2148069079306429,1,0.797141486643416,31,2,2024,2,0,0,1,0,0
-1.553487459533049,-1.3420711571291255,0,-1.4564653624195936,24,2,2024,3,0,0,0,1,0
1.2690583631593446,-0.17805017390686864,2,-0.23877660540930998,28,2,2024,4,0,1,0,0,0
1.6175178267750003,-0.13162790850455258,0,-1.289413725691334,24,2,2024,5,0,0,1,0,0
1.6017744882821106,1.2686616195265072,1,0.4416235944661185,26,2,2024,6,0,0,0,0,1
0.8524813406698464,0.16699890326258582,2,1.577264071361181,34,2,2024,7,1,0,0,0,0
-1.2651703109494423,-0.40877576165270896,0,0.6124192673292772,17,2,2024,8,0,0,0,0,1
0.8818965257486672,1.6573614835667971,0,-1.4273407765310868,26,2,2024,9,0,0,0,1,0
-1.6257825270859259,-1.342764026761996,0,-0.45845255435914095,26,2,2024,10,0,0,0,0,1
-1.6342065941742265,-0.2625802691170565,2,0.22497316483884466,36,2,2024,11,1,0,0,0,0
-0.6037429450573653,-1.5811111804694102,2,-0.2891925350753011,32,2,2024,12,0,0,0,1,0
-0.03964117392725525,0.837003838248254,1,1.2117045545172818,34,2,2024,13,0,0,0,0,1
0.9233954136180837,1.4536578115029017,2,1.1455446535220335,45,2,2024,14,0,0,0,1,0
0.6256529768578126,-0.7565963173536452,2,0.4382599495848119,22,2,2024,15,0,1,0,0,0
-0.1857504030981118,1.2471826609075256,0,-0.3929301609277844,31,2,2024,16,0,1,0,0,0
-0.7745719776512685,-0.7143312697485513,2,-0.804809357179079,32,2,2024,17,0,0,0,0,1
1.6983060111464097,1.4287145047195677,0,-1.3259700295898478,21,2,2024,18,0,0,0,1,0
-0.2531429398045182,0.8855047125491815,0,-0.4576459840158748,20,2,2024,19,1,0,0,0,0
-0.1670034013401309,1.0621864689311311,2,-0.2544466117725903,26,2,2024,20,0,0,0,0,1
-1.1505477587643658,-1.6642555364138574,1,0.6613946412293475,26,2,2024,21,0,1,0,0,0
1.006807487738308,1.6088606092658695,1,0.5998029574184498,30,2,2024,22,0,1,0,0,0
0.661179063062163,0.7905815728459377,2,-1.4506855286497253,33,2,2024,23,0,0,0,0,1
-0.9552405968032279,-0.6706804828777166,1,-0.3169082644690196,36,2,2024,24,0,0,0,1,0
-1.4282312488922486,1.1467165641413186,0,-1.0612987263377225,19,2,2024,25,0,1,0,0,0
0.6160895892206842,-0.751053360290682,0,-1.1483519691506778,27,2,2024,26,0,0,0,1,0
0.5272916361423658,1.2970692744741936,2,1.1895890296903462,31,2,2024,27,0,1,0,0,0
-0.7758148727954441,-1.3365282000661625,1,-1.5489920127148005,28,2,2024,28,0,1,0,0,0
1.5401821289151898,0.7109015650658428,1,-0.23348987141261765,20,2,2024,29,0,0,1,0,0
-1.1934966909686535,0.14621281427647428,0,-1.1086327824213649,35,3,2024,1,0,1,0,0,0
-0.23211729694888225,-1.3919577706957937,2,1.371007480524207,26,3,2024,2,1,0,0,0,0
1.5154278006270268,-0.8889344172318898,1,0.24720844246783755,32,3,2024,3,0,0,0,0,1
-0.275204328613634,-1.6836558861342281,2,-0.8883404587550641,39,3,2024,4,0,0,0,0,1
0.4726387746637585,-0.10252738392399605,1,0.05677683220857,40,3,2024,5,0,0,0,1,0
-0.3508483080827612,-0.6831521362693836,0,0.8554857562338272,17,3,2024,6,0,1,0,0,0
-0.7725695354745412,0.3464521381760173,0,1.6457344970078822,29,3,2024,7,1,0,0,0,0
1.6533891616305108,-0.6970095289267916,2,-0.9264676376452664,34,3,2024,8,0,0,0,1,0
-0.31073041481798436,-0.6873093540666061,0,1.3948981645345757,35,3,2024,9,0,0,1,0,0
1.346186911828459,0.8480897523741799,1,1.5626964952050728,14,3,2024,10,0,0,0,1,0
-0.9238229695476798,-1.5596322218504282,0,1.5003369846045151,37,3,2024,11,0,0,0,1,0
-0.9814449694262621,1.4009997194047523,2,0.5204913810443551,20,3,2024,12,0,1,0,0,0
-1.6034104144907662,1.2257037022885433,2,0.5009857628740142,15,3,2024,13,0,0,1,0,0
0.5175556241796574,0.5868779007820428,2,-0.2891819686515903,26,3,2024,14,0,0,0,1,0
-0.4502108698865716,0.328437527721387,1,0.928404646262821,32,3,2024,15,1,0,0,0,0
1.2445111840618779,1.3649704984954916,1,0.15743258447870445,40,3,2024,16,1,0,0,0,0
-0.09239516782448315,-1.08432365370134,1,0.6670265450672631,26,3,2024,17,0,0,0,0,1
1.5994267974542231,-1.452930298388388,1,-0.2011495705747574,25,3,2024,18,0,0,1,0,0
-1.0756978511929063,-0.8965559831934641,1,0.8555209776461971,33,3,2024,19,0,0,1,0,0
1.2591152020059404,1.0261572480218704,0,1.1797199899443556,15,3,2024,20,0,0,0,0,1
0.9445591559341837,-1.6067473568856148,1,-1.1845349260780724,26,3,2024,21,0,0,0,1,0
0.925156181738999,0.2924083068121267,1,1.2092108785215068,23,3,2024,22,0,0,1,0,0
1.1776365203322112,1.7217983594237434,0,0.18882542932381952,36,3,2024,23,1,0,0,0,0
0.8913218139253316,1.23748248604734,1,1.2501346375538638,19,3,2024,24,1,0,0,0,0
0.43058748895248655,0.0796973295209167,2,-0.19123122085144909,33,3,2024,25,0,1,0,0,0
-1.26123447632622,-1.5062812601194082,1,-0.3734632863110501,30,3,2024,26,0,0,1,0,0
-1.59864598310476,1.1536452604700227,1,1.4955961824995534,28,3,2024,27,0,0,0,1,0
1.4376087546555925,0.34853074707462833,2,-0.819338189781581,30,3,2024,28,0,0,0,0,1
0.3978579168225309,-1.3282137644717176,2,1.2485531961384642,26,3,2024,29,0,0,0,0,1
1.012711239673142,-1.401657945555979,2,-0.007407147552737703,20,3,2024,30,0,0,0,1,0
-0.06398120383402606,1.4245572869223453,2,0.0974610856368128,31,3,2024,31,0,1,0,0,0
-1.3088442653211658,0.5917279882121357,1,-0.6195412059732096,31,4,2024,1,0,0,0,0,1
-1.281949395395812,1.1460236945084483,2,0.30300620394391936,26,4,2024,2,0,0,1,0,0
0.6334210715089097,1.318548233093176,2,-0.5611617149704287,33,4,2024,3,0,1,0,0,0
-0.23905679483719558,0.2543004770042552,0,-1.5582165006144253,29,4,2024,4,0,0,1,0,0
-1.0244284264956656,0.06583993686350893,2,-0.7467081153340186,24,4,2024,5,1,0,0,0,0
-0.029559913313387014,-0.23555835343511122,2,-1.6729044635726489,30,4,2024,6,0,1,0,0,0
-1.490341481235909,-0.6284154352726229,0,1.7162970745493424,27,4,2024,7,0,0,0,0,1
0.27933405487934776,-0.22100809114483294,0,1.6723372297707175,30,4,2024,8,0,1,0,0,0
-0.7904188907395064,0.9540988062033499,1,-0.3172710450164276,22,4,2024,9,0,1,0,0,0
1.0161982510498566,0.35892379156768434,0,0.844623472659011,31,4,2024,10,0,1,0,0,0
-0.6490050432244241,1.3656633681283623,1,-0.48934877728984344,18,4,2024,11,0,1,0,0,0
-0.15388395259605583,-0.19052182729853567,0,0.6449004538166161,21,4,2024,12,0,0,1,0,0
-1.6701124538948529,0.3762455323894441,0,1.1133241054862304,35,4,2024,13,1,0,0,0,0
-1.46220371616638,0.4607756275996317,1,1.6061174523744408,29,4,2024,14,0,0,0,1,0
-0.3682833649663346,0.32289457065842375,0,-0.29963920598415483,24,4,2024,15,0,1,0,0,0
-0.06940160765723598,0.7074372169014911,1,1.0361504688429761,26,4,2024,16,0,0,0,0,1
0.34102998884161634,-0.9041775491550385,0,-0.7678761841682095,39,4,2024,17,0,1,0,0,0
-0.7129105685541158,0.04851819604174916,2,1.7580626253373357,26,4,2024,18,0,0,0,0,1
0.6655982457970092,-1.3656287246467187,0,-1.605289918246532,38,4,2024,19,0,0,1,0,0
1.2300452655782792,-0.3942254993624307,1,0.4093114707581537,39,4,2024,20,0,0,0,0,1
0.9556761625015312,-0.03739763843417945,0,0.604497971687331,43,4,2024,21,0,0,0,1,0
-1.5744095277933372,0.5328340694181523,1,0.7040125501966868,27,4,2024,22,1,0,0,0,0
-0.0674682152107407,1.5665955616607756,1,-1.27536390429706,21,4,2024,23,0,0,0,0,1
-1.3511717499533658,0.35407370413759154,2,1.577429611999319,27,4,2024,24,0,0,0,0,1
-0.8825312308689596,0.849475491639921,2,-1.0633767896675348,35,4,2024,25,1,0,0,0,0
1.662572775751363,0.02703923742276688,1,0.47634486278017063,24,4,2024,26,0,0,0,1,0
-1.2227737765870106,0.47047580245981724,0,-0.9186942719352733,25,4,2024,27,0,1,0,0,0
-0.00463296069964457,-1.4806450837032037,1,-0.6239086611070527,33,4,2024,28,0,0,0,0,1
0.40300212172481303,-0.8452836303610551,1,0.2103104908693377,27,4,2024,29,1,0,0,0,0
0.6911811708479558,-0.4732126375096553,0,-0.24042848964944885,16,4,2024,30,0,0,1,0,0
0.2030341029730166,-0.09005573053232903,0,-1.1364541760521925,19,5,2024,1,1,0,0,0,0
-1.6764305042110783,-1.5686395270777433,0,-1.0991053903753605,24,5,2024,2,0,0,1,0,0
-0.593972408229541,-1.2416050603629187,0,-0.2371106326042229,16,5,2024,3,0,0,0,1,0
0.05968686301143902,-0.7676822314795714,1,0.9454377212848091,44,5,2024,4,0,1,0,0,0
-1.4094842471342677,1.6393468731121665,1,1.435983942063833,18,5,2024,5,1,0,0,0,0
-0.5113889308721002,-0.5785288217059547,2,-1.401801730421816,38,5,2024,6,0,0,0,0,1
-1.5963328171419888,-0.056797988154550234,1,-0.32442451386871407,27,5,2024,7,0,0,0,1,0
-1.4412471230409756,-1.0476015631592093,0,-1.3455989227034826,26,5,2024,8,1,0,0,0,0
-0.35316147404553233,0.3894100554139814,2,-1.637288571384406,26,5,2024,9,0,0,0,0,1
-1.2561938460192859,-0.7545177084550341,0,0.6122114609962959,26,5,2024,10,1,0,0,0,0
0.23003254749371854,-1.0094937333513379,1,0.4055463017758327,38,5,2024,11,0,0,1,0,0
0.6467476694436807,0.06306845833202718,2,-1.1267119333907327,28,5,2024,12,1,0,0,0,0
1.0265557105846526,-1.7072134536518215,0,-0.8798591426564398,22,5,2024,13,1,0,0,0,0
-1.025705846504957,-1.7002847573231177,2,-1.6124786085111882,34,5,2024,14,1,0,0,0,0
-1.1373592602900588,-0.9679215553791144,2,1.216248116712973,24,5,2024,15,0,0,0,1,0
-1.3524146450975414,-1.5991257909240406,1,1.703522268282852,40,5,2024,16,1,0,0,0,0
0.4654921275847494,-1.3524642016221815,0,-1.2228100349002275,35,5,2024,17,0,0,0,0,1
0.7048875422990023,-0.5528926452897501,2,-0.8880128996200258,31,5,2024,18,0,0,1,0,0
-1.6018567955605467,1.0538720333366864,2,1.332926089470085,26,5,2024,19,0,0,1,0,0
1.4901210744970088,0.2549933466371257,0,1.53535763492371,30,5,2024,20,1,0,0,0,0
-1.5321856177564852,0.049211065674619414,2,-0.23194012926835056,28,5,2024,21,0,0,0,1,0
0.14030242305726853,-0.710174051951329,2,-1.5186311552521174,16,5,2024,22,0,0,0,1,0
0.7137259077686952,1.501465816170959,2,-1.5577903215247522,31,5,2024,23,0,0,0,0,1
1.2671249707128491,-0.35126758212446635,0,0.30616908677471877,21,5,2024,24,1,0,0,0,0
0.7309192905964567,-1.4252155130735724,0,-0.32515359710476693,32,5,2024,25,0,0,1,0,0
1.030457020342759,0.41088901403296363,0,-1.595237727156219,43,5,2024,26,0,0,0,1,0
-0.5495734316903819,-1.33237098226894,0,0.3386080075672141,35,5,2024,27,1,0,0,0,0
1.0752357703981938,-0.5307208170378976,1,-1.6557340250424193,21,5,2024,28,0,0,0,1,0
-1.4359993435433456,0.031196455219989386,2,1.050355264451677,31,5,2024,29,0,0,0,1,0
1.3486381772516942,1.3019193619042864,0,-0.6266418427069417,25,5,2024,30,0,0,1,0,0
0.16184593888964438,-0.016611549448067676,2,-1.5547718464846685,40,5,2024,31,0,1,0,0,0
1.0836598374864947,0.70605147763575,2,0.35639129867267655,29,6,2024,1,0,0,0,0,1
-0.1637925888843441,1.7127910541964282,1,-0.30845160335905425,22,6,2024,2,0,0,0,0,1
0.4899012072217519,-1.2713984545763457,0,1.7004157397118445,32,6,2024,3,0,0,1,0,0
0.0894127718763038,-0.7746109278082753,0,0.2024314609222354,28,6,2024,4,0,0,0,1,0
0.7907163569773458,-0.35958201771891113,2,-0.7354090862458182,47,6,2024,5,1,0,0,0,0
-1.4308206137759476,-0.26535174764853803,0,0.7786079794544786,49,6,2024,6,0,0,0,1,0
-1.503529979710216,-0.30276670782353904,2,-0.7484762302349777,30,6,2024,7,0,0,1,0,0
-0.8652342734458501,1.4176285905936417,2,1.4578775719928396,26,6,2024,8,0,0,0,0,1
-1.1644958042712246,0.7469307859751033,1,-0.3885204400990977,22,6,2024,9,0,0,0,1,0
1.2699214847872442,0.37970988055379584,1,0.22220123968534916,28,6,2024,10,0,0,0,0,1
-0.9605574260310898,-0.6547444813216976,1,-1.5188037401727288,21,6,2024,11,1,0,0,0,0
1.6256656949423733,1.1273162144209476,2,-0.2092962832558692,38,6,2024,12,0,0,0,0,1
-0.5583082225647266,1.5818386935839241,0,1.2072384794288034,21,6,2024,13,0,0,0,0,1
-1.0873327307369938,1.118308909193633,1,1.1140848879934158,32,6,2024,14,0,1,0,0,0
0.9893379059896183,-1.7210708463092295,0,-0.9129672702839596,34,6,2024,15,0,1,0,0,0
0.5416194551655004,0.4780973684213915,1,-0.9068281781079207,28,6,2024,16,0,1,0,0,0
-0.007015176392647659,-1.5492391773573724,1,1.1547303978680519,18,6,2024,17,0,0,0,0,1
0.18839556016383813,-0.8341977162351288,2,1.549076375041709,23,6,2024,18,0,0,1,0,0
0.748388872345146,-1.520138652776816,1,-1.3626319977254706,29,6,2024,19,0,0,0,0,1
-0.9289671744499619,0.36515961826351784,1,-0.12582858022214968,33,6,2024,20,0,0,1,0,0
1.6956130716673627,0.6520076462718595,2,-0.5184698410371129,30,6,2024,21,0,0,1,0,0
1.6220060592400785,-1.330292373370329,0,1.3408755622419266,38,6,2024,22,0,1,0,0,0
0.5129638171192313,-0.3969969778939122,1,-1.40390092659905,26,6,2024,23,0,0,0,1,0
-1.0277773384119164,-0.14617817079483084,2,-0.9589664348387904,30,6,2024,24,1,0,0,0,0
0.6151919427276683,-0.44826933072632125,1,0.9286511961494089,27,6,2024,25,0,1,0,0,0
-1.4630323129291634,-1.307427675485606,2,-1.5162889313295322,42,6,2024,26,0,1,0,0,0
-1.6050330831512174,-0.2750519225087235,0,0.0222845030749211,16,6,2024,27,0,0,0,1,0
-0.8290522148042958,0.875804537688996,0,-0.15355487603957912,49,6,2024,28,1,0,0,0,0
-0.12857722646603748,-1.4806450837032037,2,-0.5291172739964738,32,6,2024,29,0,0,0,0,1
1.257906831726881,-1.4487730805911658,2,-0.3193033205101594,28,6,2024,30,0,0,0,0,1
0.7756289909216595,-0.4974630746601191,2,0.1527129152211642,27,7,2024,1,0,1,0,0,0
0.8287282334700473,1.5361092978144786,0,-1.1324706343131792,41,7,2024,2,1,0,0,0,0
-0.25549063063240535,0.5896493793135243,1,0.2993572656224184,32,7,2024,3,0,1,0,0,0
-0.5274084682859181,0.624292860957044,0,1.1133311497687042,25,7,2024,4,0,0,1,0,0
-0.4416141784726908,-0.4725197678767848,2,0.9554723016689372,42,7,2024,5,0,1,0,0,0
1.665921687667614,0.32982326698712777,2,-1.1585098244780998,22,7,2024,6,0,1,0,0,0
-1.572717809402654,-1.6912774520958025,0,-1.1747257627331107,40,7,2024,7,0,0,0,0,1
1.2536602733176143,0.47671162915565074,2,-0.7600429420571878,35,7,2024,8,0,0,0,0,1
0.26807894885153605,1.4370289403140122,0,-0.43610809035180204,33,7,2024,9,0,0,0,0,1
-0.2106428308467383,0.3956458821098149,2,-0.27089501134924104,22,7,2024,10,0,0,1,0,0
0.7691037914147381,1.299840753005675,1,0.6749020528731283,35,7,2024,11,0,0,0,0,1
-0.046408047489988606,0.7815742676186229,1,-1.49750535211277,16,7,2024,12,1,0,0,0,0
1.2755145129360341,-1.3088134147513466,2,-1.5742457653838766,29,7,2024,13,0,0,0,1,0
1.368731648749199,1.3996139801390113,0,-0.3285876848108129,27,7,2024,14,1,0,0,0,0
-0.2684029301857845,-1.4965810852592227,1,0.7358069191428169,13,7,2024,15,1,0,0,0,0
-0.7636275954095006,0.12334811639175126,0,-1.0206532164630864,33,7,2024,16,0,0,0,0,1
0.3148256162185822,-1.2339834944013446,2,0.5417263705620484,31,7,2024,17,0,0,0,1,0
1.4086078679581635,-1.6857344950328395,0,-0.7891463950982724,34,7,2024,18,0,0,0,1,0
-0.9897654619192149,-0.2646588780156675,1,1.3945635611170633,40,7,2024,19,0,0,0,1,0
0.4194704823851387,-0.7046310948883658,0,1.428052079998176,28,7,2024,20,0,0,1,0,0
0.44881661773372755,-0.042940595497142464,0,-0.6585313094664698,15,7,2024,21,0,0,0,0,1
0.7959296116098598,0.2730079570917557,2,-0.8931763586734242,26,7,2024,22,0,0,0,1,0
-1.2601296806425084,-1.5748753537735767,2,-0.26096257306098514,37,7,2024,23,0,0,1,0,0
0.7368575673964062,-1.3004989791569022,2,-0.856433381289351,31,7,2024,24,0,1,0,0,0
1.397214662469888,0.20857108123480939,1,0.6494017503174643,36,7,2024,25,0,1,0,0,0
-1.0956532232299467,-0.5376495133666016,1,1.1852744066750578,34,7,2024,26,0,0,1,0,0
-0.8978947958455736,0.799588878073253,2,0.6518707713245802,26,7,2024,27,0,0,1,0,0
1.6103711796959908,0.5328340694181523,2,1.1792973329959189,29,7,2024,28,0,0,0,0,1
-1.0912340404951004,1.2028390044038204,1,-0.31086779224761585,28,7,2024,29,0,0,0,0,1
1.210435142192399,0.6721008656251007,1,-1.1500813404980301,31,7,2024,30,0,1,0,0,0
-0.02721222248549988,-0.23694409270085198,1,0.8780274601504364,31,7,2024,31,0,0,0,1,0
-0.8647854501993423,0.6048925112366729,1,-0.43820024224656234,33,8,2024,1,0,1,0,0,0
1.2663654236802975,-0.7725323189096642,2,0.6455203506743229,34,8,2024,2,0,0,0,1,0
-0.18778737013995495,-0.6651375258147535,1,-0.7514313067327956,25,8,2024,3,0,0,0,1,0
0.049812751588266715,1.0067568983014998,2,-1.4119067536306835,31,8,2024,4,0,0,0,0,1
-0.4819737457932795,-0.1801287828054799,0,1.7659064338720678,22,8,2024,5,1,0,0,0,0
0.31686258326042555,1.0393217710464082,0,-1.1504863867402815,30,8,2024,6,1,0,0,0,0
-1.150893007415526,1.122466126990855,1,1.7513987341169879,28,8,2024,7,0,0,1,0,0
-0.3731168460825727,1.244411182376044,0,1.7125495162732063,20,8,2024,8,0,0,0,0,1
1.6036043061332577,1.448807724072809,0,1.072833569826021,29,8,2024,9,0,0,0,1,0
-0.8275331207391924,-0.23347974453649997,0,0.6042091561058995,24,8,2024,10,1,0,0,0,0
0.5348871064678827,-0.6221796085767893,1,0.3196201441587078,24,8,2024,11,0,0,0,1,0
-0.5983225412341553,0.2903296979135155,1,1.324881518884845,28,8,2024,12,1,0,0,0,0
0.9338909726133436,-0.440647764764747,0,-0.6858948247364912,37,8,2024,13,1,0,0,0,0
-1.2625118963355115,0.3554594434033323,2,-0.06438130420196765,30,8,2024,14,1,0,0,0,0
1.6049853007378971,0.7178302613945468,0,0.4646161324610598,34,8,2024,15,0,0,0,0,1
-0.15878648344252602,0.6582434729676933,1,-0.26135705287952576,30,8,2024,16,0,1,0,0,0
-0.9030044758827398,-0.4288689810059502,1,-0.20453434830348566,31,8,2024,17,0,0,0,1,0
-1.458613130194317,-1.1487605295582863,1,-0.5434699995371274,33,8,2024,18,0,0,0,0,1
-1.129591165638962,-0.23486548380224073,0,0.27228256593382855,29,8,2024,19,0,0,0,0,1
0.06676446036021658,-1.2325977551356038,2,1.2707391637901393,31,8,2024,20,0,0,0,0,1
-0.5579629739135666,1.3566560629010471,1,-0.9924338208724811,35,8,2024,21,0,0,0,0,1
1.1232598577745319,-0.5286422081392866,1,1.5631473292834046,28,8,2024,22,0,0,0,0,1
-0.2370543526604684,-1.1917184467962507,0,0.7076473999532403,32,8,2024,23,0,0,1,0,0
-0.8597102950272921,-1.6386193599976528,2,1.1755392082960716,43,8,2024,24,0,0,0,1,0
0.3995496352132143,0.5106622411662998,0,0.24424632168754565,16,8,2024,25,0,0,0,0,1
0.7059232882524822,0.4801759773200027,1,1.022967094192997,44,8,2024,26,0,0,0,1,0
-1.1388783543551624,-0.5466568185939167,2,-1.6386586843255877,29,8,2024,27,0,0,1,0,0
-1.136910437043551,-1.477873605171722,2,1.158481478285425,32,8,2024,28,0,0,1,0,0
-1.5844907884072053,-0.30761679525363184,1,-1.555187459150631,29,8,2024,29,0,0,0,1,0
0.8071847176376715,-0.6485086546258642,2,1.4079089542639431,45,8,2024,30,1,0,0,0,0
0.5590545120490736,0.6194427735269512,2,1.7637473612938053,32,8,2024,31,0,1,0,0,0
-0.08756168670824506,0.3720883145922216,0,-0.6697563735886938,32,9,2024,1,1,0,0,0,0
1.175530503560136,-0.46351246264946977,1,-0.9617841478283665,30,9,2024,2,1,0,0,0,0
1.0439217177379938,-0.9720787731763367,1,0.9736148511805707,29,9,2024,3,1,0,0,0,0
0.29089988469320344,1.6961621830075386,1,-0.8128644941880298,24,9,2024,4,0,0,0,0,1
1.257906831726881,-0.1537997367564051,1,1.3230006954643028,32,9,2024,5,0,0,1,0,0
-1.0062683474446565,0.6575506033348225,1,-1.3365434975832322,25,9,2024,6,1,0,0,0,0
-1.3272805432931027,-1.2395264514643076,2,-1.2559498617988802,35,9,2024,7,0,0,1,0,0
-0.7878295258558075,-0.04432633476288322,0,1.7190760439853123,22,9,2024,8,0,0,0,1,0
-1.51468151114268,-1.6309977940360785,1,0.6544771558399383,22,9,2024,9,0,1,0,0,0
0.10570850821104971,0.024267758891285376,0,1.2578798261339612,33,9,2024,10,0,0,0,1,0
1.4914675442365322,1.613017827063092,0,-0.5642365442703037,24,9,2024,11,0,0,0,1,0
-1.5753416991514688,-0.39561123862817144,2,0.663698121598326,34,9,2024,12,0,0,0,0,1
-1.292444954391072,-1.5915042249624662,1,0.37692538208421283,35,9,2024,13,0,1,0,0,0
-0.16420688726573596,-1.6192190102772819,2,0.4079906677942899,32,9,2024,14,0,0,0,1,0
1.4821458306552155,-0.3824467156036342,1,0.6847887033253036,40,9,2024,15,0,0,0,1,0
-0.6292222955129636,-1.1723180970758798,2,0.3110859959415292,41,9,2024,16,0,1,0,0,0
0.023884577886160583,-1.6455480563263567,0,-0.19903980797381202,45,9,2024,17,0,1,0,0,0
-1.5677117039608357,0.8931262785107558,1,-0.7330281187696263,24,9,2024,18,0,0,0,1,0
-1.202783879684854,-0.13786373520038608,0,0.9848363931615576,37,9,2024,19,0,1,0,0,0
1.6624346762908992,-0.7247243142416071,0,-0.9061519269904224,48,9,2024,20,0,0,0,1,0
1.5889312384589633,1.3912995445445666,2,0.719038004713602,25,9,2024,21,0,0,0,1,0
-1.6929333897365202,-1.3240565466744953,1,-0.8815356818852377,20,9,2024,22,0,0,0,0,1
1.5434274662360923,1.5853030417482759,0,0.4853298450756817,17,9,2024,23,1,0,0,0,0
0.4746757417056018,-0.6388084797656788,2,0.909853528367699,44,9,2024,24,0,0,0,1,0
1.2566984614478212,1.351113105838084,1,-0.9325081098666703,30,9,2024,25,0,0,1,0,0
-0.15554114612162326,0.3623881397320361,1,-1.4861288359173561,34,9,2024,26,1,0,0,0,0
0.05247116620219804,1.1377092589140039,0,-1.2384518641336122,31,9,2024,27,1,0,0,0,0
-0.038950676624935544,1.6823047903501311,1,0.41791606180007196,38,9,2024,28,1,0,0,0,0
0.569515546179218,-0.7274957927730887,0,1.2668049320284436,32,9,2024,29,0,0,0,0,1
-1.232509788549719,1.6033176522029065,1,-1.5382459598008043,27,9,2024,30,0,0,0,1,0
-1.6073807739791046,-0.3775966281735414,2,0.8647806869581917,24,10,2024,1,0,0,0,0,1
-0.6573255357173768,-0.3907611511980787,0,-0.5049976508057019,40,10,2024,2,0,0,0,1,0
0.6987421163083567,-0.5473496882267871,0,-0.026557029458144612,49,10,2024,3,0,0,0,0,1
-1.0199056691654715,0.1489842928079558,1,1.543712153937803,27,10,2024,4,0,0,0,0,1
0.5919567085046095,-1.192411316429121,1,-0.5375880236713872,28,10,2024,5,0,0,1,0,0
1.6052960245239412,0.1919422100459201,0,-0.07255267187173843,41,10,2024,6,0,0,0,0,1
-1.3888729026600235,0.15037003207369654,1,-1.6474358602881174,37,10,2024,7,0,1,0,0,0
0.5891256695650983,0.913219497863997,2,-1.4106176499379524,27,10,2024,8,0,0,1,0,0
-0.193104199367817,1.1612668264315968,1,-0.793457495972324,21,10,2024,9,0,0,0,0,1
1.257458008480373,-0.20091487179159168,2,-1.5980272630158996,25,10,2024,10,1,0,0,0,0
-1.1043189643740594,-0.6789949184721614,2,0.5064098603789481,30,10,2024,11,0,1,0,0,0
0.6575539522249846,-0.8279618895392954,2,-0.20833121655693942,18,10,2024,12,0,1,0,0,0
1.154815584490544,-1.052451650589302,2,0.2161924667350782,17,10,2024,13,0,1,0,0,0
1.5188457622735096,-1.52706734910552,2,-1.086165043470732,27,10,2024,14,0,0,1,0,0
0.6255148773973483,-0.5404209918980831,1,-0.6632545008652467,27,10,2024,15,0,0,0,0,1
-0.010502187769362304,-0.7905469293642944,2,0.6195551254753786,28,10,2024,16,0,0,0,0,1
0.40196637577133315,1.6213322626575366,1,1.6707874876264508,37,10,2024,17,1,0,0,0,0
1.260081898229188,0.20579960270332787,2,-1.5193461499232221,33,10,2024,18,1,0,0,0,0
0.24049358162386247,-0.5237921207091939,0,1.4095502720803712,31,10,2024,19,0,1,0,0,0
-1.6059652545093492,0.284093871217682,2,0.31639034064440613,19,10,2024,20,1,0,0,0,0
1.4721336197715793,-1.2443765388944004,0,0.27119422429160467,40,10,2024,21,0,0,1,0,0
0.6469548186343764,-0.18844321839992464,2,0.04928523779753456,33,10,2024,22,0,0,0,0,1
0.6024867923649853,0.44276101714500143,2,-1.4531756825042632,47,10,2024,23,0,1,0,0,0
-0.9726411288216853,-0.03324042063695695,2,-1.3817537025009816,40,10,2024,24,1,0,0,0,0
0.542240902737588,-0.3346387109355771,0,0.40018560281316395,28,10,2024,25,0,0,1,0,0
-0.36358798331056036,1.71625540236078,0,-0.5062515330860635,30,10,2024,26,0,0,1,0,0
0.5160710549796701,1.3233983205232687,2,1.5032920611023335,28,10,2024,27,1,0,0,0,0
-1.345475147209228,0.43306084228481617,1,-0.27739688407268803,37,10,2024,28,0,0,0,0,1
0.5386848416306413,0.24598604140981042,2,-1.1955345731611307,34,10,2024,29,1,0,0,0,0
1.7061431555277387,0.42336066742463063,0,0.797021733841359,25,10,2024,30,0,1,0,0,0
-1.5450288675796322,-1.0288940830717088,2,-0.6722465274432318,32,10,2024,31,1,0,0,0,0
1.6301194025423356,-0.3575034088202999,0,0.1371274402475711,24,11,2024,1,0,0,1,0,0
-0.31901638244582137,-1.5901184856967254,0,0.7381385766416911,27,11,2024,2,1,0,0,0,0
1.2663999485454134,-0.07896981640640276,0,1.4440003355191773,29,11,2024,3,0,0,0,0,1
0.9643419036456439,0.15452724987091881,2,1.0671594002932618,34,11,2024,4,0,0,0,1,0
0.22823725450768728,-0.9374352915328171,0,0.6632684203674158,28,11,2024,5,1,0,0,0,0
0.8141587403911008,1.613017827063092,0,0.6746801579751992,46,11,2024,6,0,0,0,0,1
1.2929150449544915,1.423864417289475,2,1.6032152079951776,27,11,2024,7,0,0,0,0,1
-0.3284761954876016,0.7753384409227891,0,-0.6636313699776026,30,11,2024,8,0,0,1,0,0
-0.5920390157830457,0.12126950749314025,2,-1.6912689079822114,28,11,2024,9,0,0,0,0,1
0.5720013364675687,1.2873690996140081,0,-0.7468630895484453,35,11,2024,10,0,0,0,0,1
1.051379088603047,-1.2741699331078271,1,-0.935378654974801,39,11,2024,11,0,0,0,0,1
0.89563742206483,1.0122998553644629,1,0.6126165072385473,46,11,2024,12,0,0,0,0,1
1.017095897542872,-1.2942631524610684,0,0.5145530509188232,40,11,2024,13,0,1,0,0,0
-0.22100029038153438,1.02477150875613,1,0.37420628904927206,38,11,2024,14,0,1,0,0,0
1.085524180202758,-0.7711465796439234,2,-1.6385072322523977,37,11,2024,15,0,0,1,0,0
-1.2989356290328777,1.3116195367644718,1,0.84604289557751,34,11,2024,16,1,0,0,0,0
0.1512122804339203,1.543730863776053,0,-0.5670225579887472,24,11,2024,17,0,0,0,0,1
-1.6901368756621253,-1.2111187965166215,0,0.6238486156432455,18,11,2024,18,1,0,0,0,0
-0.6003940331411146,-0.12400634254297832,2,0.24559882392254226,30,11,2024,19,1,0,0,0,0
-0.4572539423702328,1.671911745857075,0,-0.5000701752151807,28,11,2024,20,0,0,1,0,0
-0.3557163140641154,-0.05194790072445748,2,-1.2258883863413397,32,11,2024,21,0,0,0,0,1
0.6672554393225767,1.2651972713621555,1,-1.3659146333583267,24,11,2024,22,0,0,0,0,1
-0.38174806236156944,0.3131943957982385,1,1.2042904472134597,17,11,2024,23,0,0,0,1,0
-0.1761870154609835,-0.4260975024744687,2,1.5072333371465028,36,11,2024,24,1,0,0,0,0
-0.8978947958455736,-0.7365030980004039,2,0.5706114508464407,23,11,2024,25,1,0,0,0,0
-0.4340532330122897,-1.0226582563758753,0,-1.3344795228183677,31,11,2024,26,0,1,0,0,0
-0.9330065836685324,0.9125266282311268,1,-0.2933099181813193,30,11,2024,27,0,0,0,1,0
-1.4596488761477968,-0.38729680303372693,2,0.8466064381754254,22,11,2024,28,0,1,0,0,0
0.35273391811593585,0.04436097824452666,1,1.0240272587053247,19,11,2024,29,0,1,0,0,0
0.5741073532396439,-0.020768767245289935,2,-1.282929463674072,41,11,2024,30,0,1,0,0,0
0.40759392878523903,0.2730079570917557,1,-1.6950411212470065,28,12,2024,1,0,0,1,0,0
-0.12560808806606258,1.2721259676908596,0,0.7880191408396631,26,12,2024,2,0,0,1,0,0
-0.4117156452822461,1.6712188762242046,1,-0.45172526459652773,33,12,2024,3,0,1,0,0,0
1.2410241726851632,-0.3145454915823358,1,-0.8077890886655558,28,12,2024,4,0,0,0,1,0
0.06438224466721329,1.1404807374454853,1,-1.6501760861704802,32,12,2024,5,1,0,0,0,0
-0.07199097254093499,0.9222268030913118,1,0.1888324736062936,36,12,2024,6,0,0,0,1,0
-1.622157416248747,0.2605363037000887,1,1.272746784295212,30,12,2024,7,0,0,0,0,1
-0.5434280056997363,1.5853030417482759,0,1.644036824931662,16,12,2024,8,0,0,1,0,0
-0.41033465067760666,-1.0323584312360607,2,0.27756225564804676,38,12,2024,9,1,0,0,0,0
-0.3466707994037268,-1.348306983824959,1,0.09873962290583302,42,12,2024,10,1,0,0,0,0
0.27318862888870216,1.231939528984377,0,-1.3985613604838034,20,12,2024,11,0,0,0,0,1
0.11402900070400245,-0.20507208958881393,1,0.21872840842569666,32,12,2024,12,0,0,0,0,1
0.3679939084972023,1.2076890918339132,1,-0.3701912171019048,26,12,2024,13,0,1,0,0,0
0.9045103123996387,1.367049107394103,2,0.42188551497413757,22,12,2024,14,0,0,1,0,0
1.0689522449470843,-1.5104384779166304,1,-0.3396894739897429,32,12,2024,15,0,0,1,0,0
0.7446947117777355,1.3337913650163244,0,-0.8572434737738542,45,12,2024,16,0,0,0,1,0
1.5561326165987757,-0.1732000864767759,0,-1.3640091549491258,25,12,2024,17,0,1,0,0,0
-1.6474986672438814,0.04158949971304515,2,-0.597052334175155,28,12,2024,18,0,1,0,0,0
-1.0406551131001796,0.4441467564107422,1,-1.3581553562132813,22,12,2024,19,0,1,0,0,0
-1.6839569248063635,1.4827583360834584,0,-1.0783212349359994,19,12,2024,20,0,1,0,0,0
0.5032278051565229,-1.660098318616635,1,1.7476159544284815,47,12,2024,21,0,0,1,0,0
1.359617084358578,-0.0748125986091805,1,-0.14659160281408892,35,12,2024,22,0,0,1,0,0
-0.8775941751573734,0.6561648640690819,1,0.15944724926625117,13,12,2024,23,0,1,0,0,0
1.4587379721065765,0.7774170498214004,2,1.3510897718291401,28,12,2024,24,0,0,0,1,0
-1.5038407034962598,0.6727937352579715,1,1.7763214055097885,22,12,2024,25,1,0,0,0,0
1.4840446982365951,-1.26100541008329,0,0.336730706287909,41,12,2024,26,1,0,0,0,0
-0.5079709692256176,-0.6893879629652172,1,1.1378839963316234,29,12,2024,27,0,0,0,1,0
-1.3631518781486132,-0.48360568200271103,0,-0.5551282870314989,47,12,2024,28,0,1,0,0,0
-0.04913551183415164,1.0601078600325198,1,-0.6290404208893183,19,12,2024,29,0,0,1,0,0
-0.8321594526647347,-0.7607535351508675,0,-0.29095008355254937,21,12,2024,30,1,0,0,0,0
-0.7361458027771751,-0.9963292103268004,0,0.6498314515483744,38,12,2024,31,0,0,0,0,1
-0.6595006022196841,1.5901531291783688,1,0.6836017417284447,46,1,2025,1,0,0,0,0,1
1.0349107279427212,-1.6961275395258952,1,-0.5959322932617985,25,1,2025,2,0,0,0,1,0
0.13301767651779525,1.7301127950181878,0,-1.2306538434349603,15,1,2025,3,0,1,0,0,0
-0.6457942307686373,0.6180570342612106,2,0.5099672230282881,19,1,2025,4,1,0,0,0,0
0.3762798761250391,1.143252215976967,1,-1.247683396315711,26,1,2025,5,0,1,0,0,0
0.7379623630801179,-0.7060168341541065,2,0.3220116780586106,36,1,2025,6,1,0,0,0,0
-0.7779899392977513,-1.6767271898055245,1,0.7227609080010794,26,1,2025,7,0,0,0,1,0
-0.29633354606461776,0.8293822722866797,1,0.7478279871845963,31,1,2025,8,0,0,0,1,0
-1.2932045014236238,1.1633454353302082,1,0.9321486823977204,31,1,2025,9,0,0,0,0,1
-1.0906471177881287,0.838389577513995,1,1.3484446437601754,25,1,2025,10,0,1,0,0,0
0.6182301308578751,-1.2319048855027332,2,0.04816871902541498,27,1,2025,11,0,0,0,0,1
-1.089680421564881,0.8834261036505703,1,0.8511746553597758,31,1,2025,12,0,1,0,0,0
0.08516621346703734,0.9374699350144609,0,0.4638588720951114,24,1,2025,13,0,0,0,0,1
0.7136913829035793,0.5550058976700049,0,-1.044346660564185,27,1,2025,14,0,0,1,0,0
-1.3445084509859804,0.9277697601542754,2,-1.6055681674042528,36,1,2025,15,0,0,1,0,0
0.22923847559605076,1.204224743669561,1,-0.7029736875945597,15,1,2025,16,0,0,1,0,0
-0.8328844748321704,0.39911023027416687,0,-0.15032507252527744,26,1,2025,17,0,0,1,0,0
1.5814393427287938,-1.4196725560106094,2,0.4566525711242703,31,1,2025,18,1,0,0,0,0
-0.057076230810828674,-0.03739763843417945,1,1.2685941797768245,43,1,2025,19,0,0,1,0,0
1.0450265134217052,-1.4577803858184808,0,-1.0108546195418353,24,1,2025,20,0,0,0,1,0
0.17082240381980107,-0.3145454915823358,0,-1.2573657625761423,15,1,2025,21,0,0,0,1,0
-1.561428178509726,-0.31593123084807656,2,1.6644300226937199,25,1,2025,22,1,0,0,0,0
0.45427154642205364,-1.4979668245249633,1,-1.3184044702128357,32,1,2025,23,0,0,1,0,0
1.5420464716314528,-0.5182491636462306,1,-0.02668734868391247,36,1,2025,24,0,0,1,0,0
0.3464849175299424,-1.3420711571291255,0,0.34666666671740193,33,1,2025,25,0,0,1,0,0
1.0901505121283004,1.073272383057057,0,0.19258355402366673,17,1,2025,26,0,0,0,0,1
1.312352544014792,1.5562025171677198,0,-1.3951589720488902,39,1,2025,27,0,1,0,0,0
-0.9302445944592534,-1.475794996273111,1,-1.4962972576684894,40,1,2025,28,0,0,0,0,1
-0.9850700802634406,1.5825315632167944,2,-1.3273330982485552,36,1,2025,29,0,1,0,0,0
0.3784894674924622,0.08385454731813896,2,0.34675119810708915,29,1,2025,30,0,0,1,0,0
-0.30493023747849857,-0.6886950933323468,1,0.2029386492603593,28,1,2025,31,0,0,1,0,0
1.1607883861556096,-1.4605518643499624,2,-0.8801127368255016,37,2,2025,1,0,0,0,0,1
1.3664184827864274,0.0076388877023961035,0,0.5287191029739173,34,2,2025,2,0,0,0,0,1
-0.501825543234972,1.0261572480218704,2,1.1643634541511654,36,2,2025,3,0,1,0,0,0
-0.9002079618083448,0.7226803488246396,2,-1.5501648857467114,30,2,2025,4,0,0,0,1,0
0.9579893284643025,-1.5527035255217245,2,0.041793643386498804,24,2,2025,5,0,1,0,0,0
-0.770532568432698,-1.4737163873744998,0,0.7084222710253737,28,2,2025,6,0,0,0,0,1
1.10185444140262,-0.3311743627712251,1,-0.8153546480425677,31,2,2025,7,0,0,0,0,1
-0.26149795716258706,-0.7039382252554954,0,-0.6219750055679562,41,2,2025,8,1,0,0,0,0
0.5718287121419889,-0.9214992899767983,1,0.4445610602577517,21,2,2025,9,0,0,0,0,1
-1.3832798745112338,-0.7531319691892931,1,1.4358817999679605,18,2,2025,10,1,0,0,0,0
0.4225086705153455,1.056643511868168,1,1.1289941118495106,21,2,2025,11,0,0,0,1,0
-0.16569145646572342,1.492458510943644,2,0.3381818284775407,28,2,2025,12,0,1,0,0,0
0.29518096796758586,-0.32285992717678036,2,0.8510795575463774,27,2,2025,13,0,1,0,0,0
-1.1355639673040276,1.412778503163549,1,-0.4230409463626426,27,2,2025,14,1,0,0,0,0
0.808807386298123,-0.6131723033494743,1,0.5398490692827433,28,2,2025,15,0,1,0,0,0
1.2391943548340156,-0.07619833787492125,2,-0.06960816179763146,35,2,2025,16,0,0,0,0,1
-0.9690160179845068,-0.9436711182286507,0,-1.032853913707951,20,2,2025,17,0,0,1,0,0
-1.382658426939146,0.4919547610787995,1,0.7517586968050549,34,2,2025,18,1,0,0,0,0
-1.6290278644068286,1.6649830495283713,0,0.24520082196276458,31,2,2025,19,0,1,0,0,0
0.4844117536683099,0.3637738789977771,2,-0.4446633714164026,34,2,2025,20,1,0,0,0,0
0.3651973944228072,-0.4870700301670631,1,1.4826206141825553,38,2,2025,21,1,0,0,0,0
0.1587732258943216,0.5175909374950037,0,-1.6221504083479084,30,2,2025,22,0,0,1,0,0
-0.9170215711198305,-1.3004989791569022,0,-0.5940726026886782,25,2,2025,23,0,0,0,0,1
-0.37370376878954453,1.3518059754709544,0,-1.496804446006613,28,2,2025,24,1,0,0,0,0
0.32207583789293953,0.015953323296840616,2,0.9776723578855602,40,2,2025,25,0,1,0,0,0
-0.011883182374001704,-0.16973573831242414,2,0.753044278356549,25,2,2025,26,0,0,0,1,0
1.6664050357792377,0.3028013513051825,0,-0.53974709624965,22,2,2025,27,1,0,0,0,0
-1.2434541707914868,0.4379109297149087,0,0.6608346207726695,28,2,2025,28,1,0,0,0,0
0.6661506436388653,-1.477873605171722,2,-0.3145449076990126,24,3,2025,1,0,0,1,0,0
-0.327854747915514,0.638150253614452,0,0.9418486593643363,32,3,2025,2,0,0,0,0,1
-0.24623796678132082,-0.8882415475990194,0,-0.11144415541036334,15,3,2025,3,0,0,0,1,0
0.7428994187917038,0.7469307859751033,2,-0.257560184626072,32,3,2025,4,0,1,0,0,0
0.6568979797877806,1.1231589966237256,0,1.564182838807074,37,3,2025,5,0,0,0,1,0
1.6782470645140215,1.0587221207667792,0,-0.8203525664578284,31,3,2025,6,0,1,0,0,0
-1.2709704882889281,0.1877849922486976,0,-1.2751560979640786,27,3,2025,7,0,0,0,0,1
-1.3539682640277608,0.07554011172369444,2,0.3431093040680619,19,3,2025,8,0,1,0,0,0
0.7659620286891834,-1.2319048855027332,0,1.6848020876083556,31,3,2025,9,0,0,1,0,0
0.26707772776317257,0.9596417632663133,2,-0.3776511122418076,32,3,2025,10,0,0,1,0,0
-0.7727421598001212,-0.7863897115670719,2,-1.4788309592743543,23,3,2025,11,0,0,1,0,0
-1.4383470343712328,-0.006218504955011912,1,-0.5120172782909836,24,3,2025,12,0,0,1,0,0
-1.4170451925946688,-0.7420460550633668,1,0.06899514015961979,36,3,2025,13,0,0,0,1,0
1.346497635614503,-1.2630840189819008,0,-1.1305334566328455,31,3,2025,14,0,0,0,0,1
-1.0540162359000667,0.4545398009037982,2,0.5996021953679426,36,3,2025,15,0,1,0,0,0
-0.604537016955033,-1.5381532632314463,1,1.7839257084404072,34,3,2025,16,0,1,0,0,0
-0.9351126004406076,0.8667972324616807,0,-0.11996773720383115,28,3,2025,17,0,0,1,0,0
-0.496439664276878,-0.6263368263740117,1,-0.4582377037436857,32,3,2025,18,0,0,1,0,0
-1.4725266508360597,-1.725920933739322,1,-0.2979239232017504,37,3,2025,19,1,0,0,0,0
0.06431319493698137,0.04436097824452666,2,-1.2936402951756985,34,3,2025,20,0,0,0,0,1
-1.4787066016918216,-1.564482309280521,2,1.3847579199133382,36,3,2025,21,0,0,0,1,0
1.0257616386869848,-0.7697608403781826,1,-0.24868438870890686,18,3,2025,22,0,1,0,0,0
-0.9110142445896487,0.7226803488246396,1,-0.34475079094726907,29,3,2025,23,1,0,0,0,0
0.13591776518753826,-1.5097456082837601,2,0.6051390013924598,22,3,2025,24,1,0,0,0,0
1.2982663990474692,1.181360045784838,0,-0.1538119923498778,45,3,2025,25,0,1,0,0,0
0.5148626847006105,-1.7134492803476549,2,0.5651908754827438,33,3,2025,26,0,0,0,1,0
0.11181940933657933,-0.8716126764101301,1,-1.4808878897567448,33,3,2025,27,1,0,0,0,0
-0.6012571547690143,0.8404681864126057,0,1.1422408850417554,40,3,2025,28,1,0,0,0,0
-0.5716348204994974,-0.6311869138041044,1,1.5843153981175955,30,3,2025,29,0,0,0,0,1
0.5784574862442583,-1.3739431602411636,0,0.5670470439146269,39,3,2025,30,0,0,0,1,0
1.6881211759371937,-0.4787555945726183,1,1.633347126277458,28,3,2025,31,1,0,0,0,0
0.5523221633514563,-0.789854059731424,0,-1.167114415520018,30,4,2025,1,0,0,0,1,0
0.19668152779167528,1.193138829543635,0,-0.030434906960048875,30,4,2025,2,0,1,0,0,0
0.7875055445215592,-0.6408870886642899,1,0.40330621994911975,37,4,2025,3,0,0,1,0,0
-0.11977338586146079,1.0067568983014998,0,0.33332127357052177,31,4,2025,4,1,0,0,0,0
-1.5042550018776517,1.362891889596881,2,-0.29528231727402277,33,4,2025,5,0,0,0,0,1
0.2120796176334052,-0.22377956967631446,1,-0.5162720249052436,18,4,2025,6,0,1,0,0,0
1.5633137885429007,1.4259430261880863,2,-1.252920820335086,31,4,2025,7,0,0,0,1,0
-1.110637014690285,-0.41916880614576474,1,-0.3291723602561499,31,4,2025,8,0,1,0,0,0
0.6485774872948279,1.613017827063092,0,-1.1279622935298572,25,4,2025,9,1,0,0,0,0
-1.0230474318910263,-1.417593947111998,0,0.8655273809004292,22,4,2025,10,0,0,0,1,0
0.12162447102951972,0.6533933855376005,0,-0.9669687397291867,27,4,2025,11,0,0,1,0,0
-1.3793785647531271,-0.01591867981519718,1,-1.4909330365645836,19,4,2025,12,0,1,0,0,0
-0.17045588785172958,-0.3838324548693749,2,0.23090797282313957,28,4,2025,13,1,0,0,0,0
0.8747153538045421,0.46562571502972444,2,0.3803700362139699,34,4,2025,14,0,0,0,0,1
-0.5218154401371283,0.7115944346987131,1,1.3451443974211348,28,4,2025,15,0,0,0,1,0
0.5628177223467162,-1.711370671449044,1,0.31674255476810315,23,4,2025,16,0,1,0,0,0
1.0090170791057311,-1.148067659925416,2,-0.49048290676814776,23,4,2025,17,0,1,0,0,0
1.4592558450833162,0.7434664378107511,2,1.1048920993649236,28,4,2025,18,0,0,1,0,0
-0.9078034321338619,0.5820278133519501,2,0.18876203078155426,22,4,2025,19,0,0,1,0,0
-0.3449790810130434,1.6199465233917956,2,-1.418704486218036,36,4,2025,20,0,0,0,0,1
-1.1888703590431113,0.9097551496996448,1,0.27792855833669167,36,4,2025,21,0,0,0,0,1
1.6824590980581715,1.567288431293646,1,1.4710398137953968,40,4,2025,22,1,0,0,0,0
1.4586343975112286,0.7074372169014911,0,-0.31323819330009683,19,4,2025,23,1,0,0,0,0
0.13574514086195807,-0.69423805039531,2,-0.6618808657828283,33,4,2025,24,0,0,0,0,1
1.1682112321555467,-1.3614715068494965,0,-1.194879454891054,31,4,2025,25,0,0,0,0,1
0.0708038695787869,0.9818135915181659,1,-1.1670686276839375,29,4,2025,26,0,0,0,1,0
0.42157649915721396,0.5051192841033367,1,-0.1861065053516577,29,4,2025,27,0,0,1,0,0
-1.4052031638598852,-1.5596322218504282,0,0.3819409112056583,31,4,2025,28,1,0,0,0,0
0.8716771656743353,-0.4794484642054888,2,-1.4140482155027614,26,4,2025,29,0,0,1,0,0
-1.2732836542516994,1.588074520279758,2,1.5810538953321611,34,4,2025,30,0,0,1,0,0
1.1136619452722871,0.006946018069525604,2,0.9379426047325363,32,5,2025,1,0,0,0,0,1
0.9631335333665846,-0.22724391784066647,2,0.35036491501622063,20,5,2025,2,0,0,0,1,0
0.7126556369500994,-0.1413280833647381,0,1.1935514385819377,33,5,2025,3,0,1,0,0,0
-1.5862170316630047,-1.0032579066555043,0,-1.4155416033872368,34,5,2025,4,0,0,0,1,0
-0.6737248466474707,-0.4489622003591915,1,-0.03244957174759591,35,5,2025,5,0,0,0,1,0
-0.8105123622370108,-0.4454978521948397,2,0.501936741007996,35,5,2025,6,0,0,1,0,0
-0.4788665079328406,-1.54508195956015,2,1.194298132524175,29,5,2025,7,0,0,0,1,0
-1.4102437941668196,0.9326198475843681,2,1.0367492328532615,27,5,2025,8,1,0,0,0,0
1.4926759145155917,-0.2833663581031683,0,-0.7290269663244283,29,5,2025,9,0,0,1,0,0
0.1830442060708603,1.1217732573579846,2,1.5856256346577482,20,5,2025,10,1,0,0,0,0
-0.6655424536149818,1.21946787559271,0,-1.2615641549306107,39,5,2025,11,0,1,0,0,0
-0.3529543248548364,-0.9921719925295781,2,1.3563729836845955,39,5,2025,12,0,0,1,0,0
-0.18129669549814942,0.5508486798727823,2,1.6904445578699814,21,5,2025,13,0,1,0,0,0
0.3429979061532278,-0.09074860016519952,1,-1.0774266110618091,37,5,2025,14,0,0,1,0,0
0.05274736512312569,1.322705450890398,2,0.822638267057843,25,5,2025,15,0,0,0,0,1
1.4326371740788906,-0.9790074695050407,2,-1.5546732265300334,29,5,2025,16,0,0,0,1,0
-0.011227209936797959,0.6215213824255624,1,-0.2814684793426257,24,5,2025,17,0,0,0,0,1
1.6813543023744602,0.3790170109209256,0,0.10509004355609018,37,5,2025,18,0,1,0,0,0
1.2003193567134145,-0.7032453556226251,0,0.32951736103459417,28,5,2025,19,0,0,0,1,0
-0.9971192581889201,-1.2533838441217156,2,1.5683917975852535,32,5,2025,20,0,0,1,0,0
1.4709252494925198,0.530755460519541,0,0.6489368276741839,38,5,2025,21,0,0,0,1,0
-1.3120896026420688,0.8321537508181612,2,-0.016969761011111972,40,5,2025,22,1,0,0,0,0
1.0842122353283505,-0.6332655227027156,1,1.128124142963979,23,5,2025,23,0,0,0,1,0
-0.4088500814776192,0.5071978930019481,1,1.6192832163182358,28,5,2025,24,1,0,0,0,0
1.2910507022382283,-0.3575034088202999,2,-1.6182056101625018,27,5,2025,25,0,0,0,1,0
1.257181809559445,0.7441593074436214,1,1.7308259071518446,27,5,2025,26,1,0,0,0,0
1.0448193642310095,-1.036515649033283,1,-1.3948102800664302,26,5,2025,27,0,1,0,0,0
0.990477226538446,1.3573489325339174,2,1.144554931834445,42,5,2025,28,0,0,0,0,1
-0.6684425422847248,-0.7309601409374408,2,-0.7176434058465405,26,5,2025,29,0,0,1,0,0
-1.4332373543340666,-0.4524265485235435,1,-1.23424642749667,32,5,2025,30,0,0,0,1,0
-0.3324465549759402,-1.5256816098397792,0,-0.1614057288567857,39,5,2025,31,0,0,0,0,1
-1.1167133909506988,-1.3399925482305144,0,0.550278129485412,18,6,2025,1,0,0,1,0,0
0.6654946712016614,0.06029697980054568,2,-0.3667993950907025,29,6,2025,2,0,0,1,0,0
-0.5268560704440625,-0.7995542345916093,2,-1.5048807158629858,18,6,2025,3,1,0,0,0,0
1.6247680484493576,1.1675026531274306,0,0.3951278079968749,38,6,2025,4,0,1,0,0,0
0.4809937920218271,-1.676034320172654,1,1.4514602306590803,33,6,2025,5,0,1,0,0,0
1.101405618156112,-0.4136258490828017,0,-0.3589062765786523,23,6,2025,6,0,0,0,0,1
-1.2568498184564896,-0.5577427327198429,0,-0.940813318903446,30,6,2025,7,0,1,0,0,0
1.2365014153549687,-1.6594054489837646,0,-0.15191355822315075,26,6,2025,8,0,0,0,1,0
1.444133954162514,-1.2956488917268094,0,-1.5265101851992198,42,6,2025,9,0,1,0,0,0
-0.04506157775046517,-0.2937594025962241,2,1.165828664905745,32,6,2025,10,0,0,0,0,1
0.36233183061818053,-0.019383027979549182,2,1.1862359512327505,25,6,2025,11,0,1,0,0,0
0.9042686383438268,-0.32632427534113234,1,0.355162071380974,22,6,2025,12,0,0,0,1,0
-1.1122251584856204,0.1129550718986955,1,-0.46390482899397084,35,6,2025,13,1,0,0,0,0
0.007934090202574812,0.33536622405009103,1,1.0936353359715667,22,6,2025,14,0,0,0,0,1
-0.3471886723804666,-1.691970321728673,1,0.2390018533856969,30,6,2025,15,1,0,0,0,0
-1.2095162283824714,-0.11915625511288556,0,1.1848130061730142,39,6,2025,16,1,0,0,0,0
-0.45359430666793815,1.6109392181644808,2,0.5066986759603795,34,6,2025,17,1,0,0,0,0
-1.4768077341104422,0.07138289392647194,2,1.0400107356386956,32,6,2025,18,0,0,1,0,0
-1.6216050184068913,0.6208285127926921,1,0.39199310229597156,33,6,2025,19,0,0,1,0,0
-1.247838828661217,-0.646430045727253,1,-0.25106887832633584,26,6,2025,20,1,0,0,0,0
1.5820607903008819,0.9547916758362206,0,1.64513221085636,26,6,2025,21,0,0,0,0,1
0.16844018812679779,0.9513273276718683,0,0.19167484158452844,31,6,2025,22,0,0,0,1,0
1.5913134541519662,0.0790044598880462,1,0.4147531789692729,28,6,2025,23,0,0,0,1,0
-0.23156489910702638,1.654590005035315,2,-0.9263232298545506,29,6,2025,24,0,1,0,0,0
-0.644033462647722,-1.291491673929587,2,0.48644636384780093,27,6,2025,25,0,0,0,0,1
0.020155892453634052,-1.667719884578209,2,0.29800476338742177,24,6,2025,26,0,0,1,0,0
-0.20757011785141552,0.9416271528116829,1,-1.0506301605309396,27,6,2025,27,1,0,0,0,0
-1.3486514347998988,1.0698080348927053,2,-1.4873721517740068,40,6,2025,28,0,1,0,0,0
0.48051044391020337,-1.3101991540170876,0,0.4122066708549433,32,6,2025,29,0,0,0,1,0
-0.9713982336775099,-0.8064829309203133,0,0.9677857074333849,31,6,2025,30,0,0,1,0,0
0.407904652571283,-1.6656412756795982,1,0.12991057285301924,38,7,2025,1,0,0,1,0,0
0.5125495187378395,-0.710174051951329,0,-0.9044084670781221,36,7,2025,2,1,0,0,0,0
-1.190216828782635,0.9520201973047386,1,0.628962764719326,36,7,2025,3,0,0,0,1,0
-1.5001120180637333,0.06791854576211993,2,-1.4158233746861943,22,7,2025,4,0,0,0,0,1
0.9587834003619703,-0.5210206421777124,2,-0.15450937631479808,27,7,2025,5,0,0,1,0,0
-0.13824418869851385,-0.43856915586613576,2,-1.1255003168052151,31,7,2025,6,1,0,0,0,0
-1.5110218754403852,-1.7217637159420998,0,-1.0519544856360403,24,7,2025,7,0,0,0,0,1
1.6906069662255445,-0.6880022236994765,1,-0.9897640378148578,38,7,2025,8,0,0,0,1,0
-1.5123338203147927,0.512740850064911,2,-0.34673023432244626,35,7,2025,9,0,0,1,0,0
0.6657708701225894,1.6483541783394817,1,-1.5167890753851818,32,7,2025,10,0,0,0,0,1
1.6523534156770312,1.2076890918339132,2,-0.3080712121054615,27,7,2025,11,0,0,0,0,1
-0.8923017676967838,-1.6448551866934864,0,0.08913474375261514,38,7,2025,12,0,0,0,0,1
-1.2236023733497943,1.3864494571144739,0,-0.009939567102119453,11,7,2025,13,0,0,1,0,0
-1.2949307446794232,0.9866636789482581,1,-0.36041023088683855,32,7,2025,14,0,0,1,0,0
-0.6732414985358469,0.9769635040880732,0,1.230889657835058,26,7,2025,15,0,1,0,0,0
-1.3644292981579047,-0.13994234409899733,0,-1.1884057592975028,23,7,2025,16,0,0,0,1,0
0.655965808429649,-0.34780323396011464,1,0.06817800339264248,37,7,2025,17,1,0,0,0,0
-1.4969012056079465,-0.6769163095735502,2,-1.4788133485681694,31,7,2025,18,0,0,0,0,1
0.031376473616329996,-1.4993525637907041,0,-1.447033068186987,20,7,2025,19,0,1,0,0,0
1.6968559668115384,-0.9360495522670764,1,0.3058767490520503,24,7,2025,20,1,0,0,0,0
1.0723011568633352,-0.8723055460430005,0,0.2785132337820287,33,7,2025,21,0,1,0,0,0
0.3929899108411769,-0.04986929182584647,0,1.3664850511759372,25,7,2025,22,0,0,1,0,0
-0.6630566633266308,0.8626400146644583,0,0.25011420898833797,20,7,2025,23,0,0,0,0,1
0.42264676997580936,-0.08520564310223627,0,1.6515671628963047,35,7,2025,24,1,0,0,0,0
0.09158783837861095,-1.5263744794726495,1,-1.5253514007322564,41,7,2025,25,1,0,0,0,0
-0.25348818845567817,1.5915388684441096,1,-1.3534004655433716,25,7,2025,26,1,0,0,0,0
-1.263064294177367,1.5395736459788305,1,-1.5414933740212908,35,7,2025,27,1,0,0,0,0
1.3205694619123969,0.9935923752769622,0,-1.0491015512340947,40,7,2025,28,1,0,0,0,0
-0.17245833002845679,1.7079409667663354,0,0.19221725133502185,28,7,2025,29,0,1,0,0,0
-1.044590947723402,0.15937733730101156,0,0.5559100333233272,22,7,2025,30,0,0,0,0,1
-0.45283475963538655,1.6088606092658695,1,-1.5361960736008877,20,7,2025,31,0,0,1,0,0
-0.2943311038878906,-1.4647090821471846,0,1.6033772264920785,31,8,2025,1,0,0,1,0,0
1.1186680507141056,-0.4600481144851178,2,1.2414173379923625,20,8,2025,2,0,0,1,0,0
0.7976558548656592,-0.9457497271272619,0,-0.6608840998127659,21,8,2025,3,0,0,1,0,0
0.919632203320441,-1.0482944327920798,2,-1.4259988407198012,34,8,2025,4,0,1,0,0,0
-1.6721148960715801,-1.2388335818314373,0,-1.1027648951205724,25,8,2025,5,0,0,0,1,0
-0.2874261308646932,0.4295964941204642,1,-1.2525016855278863,42,8,2025,6,0,0,0,0,1
-0.06460265140611385,0.9804278522524249,0,-1.2652659253706664,19,8,2025,7,1,0,0,0,0
-1.6442188050578628,0.2764723052561077,2,0.11303599418669509,38,8,2025,8,0,0,0,1,0
-0.8217674682648225,-1.217354623212455,2,-0.837896351959177,28,8,2025,9,0,0,1,0,0
0.8888360236369809,1.0836654275501132,0,-0.4463434327864374,41,8,2025,10,0,0,0,1,0
-1.2411755296938316,0.47671162915565074,2,1.755177991664257,15,8,2025,11,0,0,0,0,1
0.11986370290860442,-0.38175384597076367,2,0.6910017604673191,29,8,2025,12,1,0,0,0,0
-0.9742637974821368,0.6090497290338954,1,1.6138732073782494,28,8,2025,13,1,0,0,0,0
-1.6683862106390535,-0.8258832806406843,0,-1.1980634705692752,23,8,2025,14,0,0,0,0,1
-0.8853967946735865,-0.5307208170378976,0,-0.3626573569960256,20,8,2025,15,0,0,0,0,1
1.6257002198074892,1.4515792026042906,0,0.23915682760012377,33,8,2025,16,0,0,1,0,0
1.029801047905555,-0.7198742268115145,2,-1.4274992728867506,38,8,2025,17,1,0,0,0,0
1.5699770875102863,-0.09837016612677378,0,-1.6805439879156372,18,8,2025,18,0,0,0,1,0
-0.04233411340630213,1.3573489325339174,0,0.6426040177301117,28,8,2025,19,0,1,0,0,0
-1.3347379141581561,0.725451827356121,1,0.5428252786279831,26,8,2025,20,0,1,0,0,0
0.16308883403381996,-1.511131347549501,1,-0.26275886509183977,30,8,2025,21,0,0,0,0,1
-0.15678404126579884,-1.2159688839467142,1,0.012204134854712122,27,8,2025,22,0,0,1,0,0
1.1761519511322236,-1.6995918876902472,2,-0.24652883827188113,38,8,2025,23,0,1,0,0,0
-1.374579608502005,0.45938988833389094,0,-1.611443098987519,23,8,2025,24,1,0,0,0,0
-0.041022168531894644,-0.17597156500825764,1,-0.5257324962677457,35,8,2025,25,0,0,0,0,1
-1.1969491774802523,-1.26169827971616,1,-1.077676683089634,31,8,2025,26,0,0,0,1,0
-0.6000833093550706,1.59223173807698,1,-1.3519493433537397,26,8,2025,27,0,0,0,0,1
0.8104300549585745,0.10810498446860274,0,1.6408598535359153,19,8,2025,28,0,0,0,1,0
-0.08279725532223887,-0.8889344172318898,0,0.39477207173194084,27,8,2025,29,0,0,0,0,1
-0.42504224321701706,0.0076388877023961035,0,0.8456202386290737,26,8,2025,30,0,0,0,0,1
-0.36151649140360126,0.6277572091213957,2,-0.5954990698896512,30,8,2025,31,0,0,0,0,1
-0.13945255897757328,-1.4626304732485735,2,-0.3242730617955244,23,9,2025,1,0,0,0,1,0
0.9733528934409165,-0.7746109278082753,1,-0.8690109476465716,19,9,2025,2,0,0,0,1,0
1.3392819388052617,1.069115165259835,0,-1.3570353152999248,29,9,2025,3,0,0,0,0,1
1.5554766441615717,-0.13439938703603407,1,-1.0708789505022813,27,9,2025,4,0,1,0,0,0
0.9797745183524901,0.16699890326258582,0,1.085721084612095,43,9,2025,5,0,0,1,0,0
-0.6317771355315467,-0.22724391784066647,0,0.6673998920383818,30,9,2025,6,0,0,1,0,0
0.6421903872483702,-1.5748753537735767,0,0.21195180868576607,46,9,2025,7,0,0,1,0,0
-0.21409531735833698,-1.1522248777226385,2,-0.03854639822879114,36,9,2025,8,0,0,0,1,0
-0.839375149473976,-0.1829002613369614,2,1.521307813529436,32,9,2025,9,0,0,0,1,0
1.1642408726672084,-1.0018721673897635,0,-1.4415244392923658,23,9,2025,10,0,1,0,0,0
-1.5784834618770236,-1.5533963951545948,1,-0.7167135605599805,21,9,2025,11,0,0,1,0,0
1.3723567595863773,1.1959103080751163,0,-0.4749432196306353,36,9,2025,12,0,0,1,0,0
-0.13251306108925995,1.6726046154899457,0,1.033110860955471,23,9,2025,13,0,0,0,0,1
0.46811601733356434,1.0213071605917776,1,1.7656704504091907,34,9,2025,14,0,0,0,1,0
0.5438290465329235,1.2312466593515063,0,-0.8559473257986492,21,9,2025,15,0,0,1,0,0
1.3496739232051738,-0.8882415475990194,1,1.3534918721527538,23,9,2025,16,0,1,0,0,0
0.4662861994824168,1.6012390433042953,2,1.201169830077504,33,9,2025,17,0,1,0,0,0
0.38857072810633025,-1.0441372149948573,2,-0.9117838308283376,26,9,2025,18,0,0,1,0,0
-1.4819864638778402,1.5693670401922573,1,-0.3027069910015559,42,9,2025,19,0,0,0,1,0
0.0620690787044423,1.719719750525132,2,-0.26665083115869187,35,9,2025,20,0,1,0,0,0
-1.1965348790988604,0.7393092200135291,2,1.7158286297648253,26,9,2025,21,0,0,0,0,1
0.8107062538795021,1.6726046154899457,1,-1.0643911663437824,34,9,2025,22,0,1,0,0,0
0.040939861253458304,0.24667891104268092,2,1.0914516084046453,21,9,2025,23,1,0,0,0,0
0.6151919427276683,-0.827269019906425,0,-0.5298428350912897,19,9,2025,24,1,0,0,0,0
-1.5673664553096758,-0.2126936555503882,0,0.8533407722205123,26,9,2025,25,0,0,0,1,0
-1.4200143309946438,0.32982326698712777,1,-0.23060171559830214,39,9,2025,26,0,0,1,0,0
